{
  "name": "fnarpack:spawners_fun",
  "requires": [
    "embers",
    "iceandfire",
    "rats",
    "thaumcraft",
    "twilightforest"
  ],
  "spawners": [
    {
      "level": [0, 1, 2, 3, 4],
      "potentials": [
        {"name": "embers:ancient_golem", "equip": true, "weight": 1},
        {"name": "iceandfire:if_cockatrice", "equip": true, "weight": 1},
        {"name": "iceandfire:if_troll", "equip": true, "weight": 1},
        {"name": "iceandfire:myrmex_worker", "equip": true, "weight": 1},
        {"name": "iceandfire:myrmex_sentinal", "equip": true, "weight": 1},
        {"name": "iceandfire:myrmex_soldier", "equip": true, "weight": 1},
        {"name": "iceandfire:myrmex_swarmer", "equip": true, "weight": 1},
        {"name": "iceandfire:myrmex_royal", "equip": true, "weight": 1},
        {"name": "iceandfire:myrmex_queen", "equip": true, "weight": 1},
        {"name": "iceandfire:stymphalianbird", "equip": true, "weight": 1},
        {"name": "minecraft:blaze", "equip": true, "weight": 1},
        {"name": "minecraft:creeper", "equip": true, "weight": 1},
        {"name": "minecraft:enderman", "equip": true, "weight": 1},
        {"name": "minecraft:evocation_illager", "equip": true, "weight": 1},
        {"name": "minecraft:illusion_illager", "equip": true, "weight": 1},
        {"name": "minecraft:magma_cube", "equip": true, "weight": 1},
        {"name": "minecraft:silverfish", "equip": true, "weight": 1},
        {"name": "minecraft:skeleton", "equip": true, "weight": 1},
        {"name": "minecraft:spider", "equip": true, "weight": 1},
        {"name": "minecraft:vex", "equip": true, "weight": 1},
        {"name": "minecraft:witch", "equip": true, "weight": 1},
        {"name": "minecraft:zombie", "equip": true, "weight": 1},
        {"name": "minecraft:zombie_pigman", "equip": true, "weight": 1},
        {"name": "minecraft:pig", "equip": true, "weight": 1},
        {"name": "rats:rat", "equip": true, "weight": 1},
        {"name": "iceandfire:blueslime", "equip": true, "weight": 1},
        {"name": "thaumcraft:firebat", "equip": true, "weight": 1},
        {"name": "thaumcraft:wisp", "equip": true, "weight": 1},
        {"name": "twilightforest:goblin_knight_lower", "equip": true, "weight": 1},
        {"name": "twilightforest:goblin_knight_upper", "equip": true, "weight": 1},
        {"name": "twilightforest:helmet_crab", "equip": true, "weight": 1},
        {"name": "twilightforest:king_spider", "equip": true, "weight": 1},
        {"name": "twilightforest:kobold", "equip": true, "weight": 1},
        {"name": "twilightforest:maze_slime", "equip": true, "weight": 1},
        {"name": "twilightforest:minotaur", "equip": true, "weight": 1},
        {"name": "twilightforest:mosquito_swarm", "equip": true, "weight": 1},
        {"name": "twilightforest:pinch_beetle", "equip": true, "weight": 1},
        {"name": "twilightforest:redcap", "equip": true, "weight": 1},
        {"name": "twilightforest:redcap_sapper", "equip": true, "weight": 1},
        {"name": "twilightforest:skeleton_druid", "equip": true, "weight": 1},
        {"name": "twilightforest:swarm_spider", "equip": true, "weight": 1},
        {"name": "twilightforest:wraith", "equip": true, "weight": 1}
      ]
    }
  ]
}
