{
  "name": "artisanworktables:loot",
  "requires": ["artisanworktables"],
  "lootRules": [
    {
      "level": [0, 1, 2, 3, 4],
      "type": "TOOLS",
      "each": false,
      "quantity": 1,
      "loot": [
        {"data": {"name": "artisanworktables:artisans_athame_iron"}},
        {"data": {"name": "artisanworktables:artisans_beaker_iron"}},
        {"data": {"name": "artisanworktables:artisans_burner_iron"}},
        {"data": {"name": "artisanworktables:artisans_carver_iron"}},
        {"data": {"name": "artisanworktables:artisans_chisel_iron"}},
        {"data": {"name": "artisanworktables:artisans_compass_iron"}},
        {"data": {"name": "artisanworktables:artisans_cutting_board_iron"}},
        {"data": {"name": "artisanworktables:artisans_cutters_iron"}},
        {"data": {"name": "artisanworktables:artisans_driver_iron"}},
        {"data": {"name": "artisanworktables:artisans_file_iron"}},
        {"data": {"name": "artisanworktables:artisans_framing_hammer_iron"}},
        {"data": {"name": "artisanworktables:artisans_gemcutter_iron"}},
        {"data": {"name": "artisanworktables:artisans_grimoire_iron"}},
        {"data": {"name": "artisanworktables:artisans_groover_iron"}},
        {"data": {"name": "artisanworktables:artisans_hammer_iron"}},
        {"data": {"name": "artisanworktables:artisans_handsaw_iron"}},
        {"data": {"name": "artisanworktables:artisans_hatchet_iron"}},
        {"data": {"name": "artisanworktables:artisans_knife_iron"}},
        {"data": {"name": "artisanworktables:artisans_lens_iron"}},
        {"data": {"name": "artisanworktables:artisans_mortar_iron"}},
        {"data": {"name": "artisanworktables:artisans_needle_iron"}},
        {"data": {"name": "artisanworktables:artisans_pan_iron"}},
        {"data": {"name": "artisanworktables:artisans_pencil_iron"}},
        {"data": {"name": "artisanworktables:artisans_pliers_iron"}},
        {"data": {"name": "artisanworktables:artisans_punch_iron"}},
        {"data": {"name": "artisanworktables:artisans_quill_iron"}},
        {"data": {"name": "artisanworktables:artisans_razor_iron"}},
        {"data": {"name": "artisanworktables:artisans_shears_iron"}},
        {"data": {"name": "artisanworktables:artisans_sifter_iron"}},
        {"data": {"name": "artisanworktables:artisans_solderer_iron"}},
        {"data": {"name": "artisanworktables:artisans_spanner_iron"}},
        {"data": {"name": "artisanworktables:artisans_trowel_iron"}},
        {"data": {"name": "artisanworktables:artisans_tsquare_iron"}}
      ]
    },
    {
      "level": [2, 3, 4],
      "each": false,
      "quantity": 1,
      "loot": [
        {"data": {"name": "minecraft:stick"}, "weight": 32},
        {"data": {"name": "artisanworktables:artisans_athame_diamond"}},
        {"data": {"name": "artisanworktables:artisans_beaker_diamond"}},
        {"data": {"name": "artisanworktables:artisans_burner_diamond"}},
        {"data": {"name": "artisanworktables:artisans_carver_diamond"}},
        {"data": {"name": "artisanworktables:artisans_chisel_diamond"}},
        {"data": {"name": "artisanworktables:artisans_compass_diamond"}},
        {"data": {"name": "artisanworktables:artisans_cutting_board_diamond"}},
        {"data": {"name": "artisanworktables:artisans_cutters_diamond"}},
        {"data": {"name": "artisanworktables:artisans_driver_diamond"}},
        {"data": {"name": "artisanworktables:artisans_file_diamond"}},
        {"data": {"name": "artisanworktables:artisans_framing_hammer_diamond"}},
        {"data": {"name": "artisanworktables:artisans_gemcutter_diamond"}},
        {"data": {"name": "artisanworktables:artisans_grimoire_diamond"}},
        {"data": {"name": "artisanworktables:artisans_groover_diamond"}},
        {"data": {"name": "artisanworktables:artisans_hammer_diamond"}},
        {"data": {"name": "artisanworktables:artisans_handsaw_diamond"}},
        {"data": {"name": "artisanworktables:artisans_hatchet_diamond"}},
        {"data": {"name": "artisanworktables:artisans_knife_diamond"}},
        {"data": {"name": "artisanworktables:artisans_lens_diamond"}},
        {"data": {"name": "artisanworktables:artisans_mortar_diamond"}},
        {"data": {"name": "artisanworktables:artisans_needle_diamond"}},
        {"data": {"name": "artisanworktables:artisans_pan_diamond"}},
        {"data": {"name": "artisanworktables:artisans_pencil_diamond"}},
        {"data": {"name": "artisanworktables:artisans_pliers_diamond"}},
        {"data": {"name": "artisanworktables:artisans_punch_diamond"}},
        {"data": {"name": "artisanworktables:artisans_quill_diamond"}},
        {"data": {"name": "artisanworktables:artisans_razor_diamond"}},
        {"data": {"name": "artisanworktables:artisans_shears_diamond"}},
        {"data": {"name": "artisanworktables:artisans_sifter_diamond"}},
        {"data": {"name": "artisanworktables:artisans_solderer_diamond"}},
        {"data": {"name": "artisanworktables:artisans_spanner_diamond"}},
        {"data": {"name": "artisanworktables:artisans_trowel_diamond"}},
        {"data": {"name": "artisanworktables:artisans_tsquare_diamond"}}
      ]
    }
  ]
}
