{
  "name": "lycanites:theme_lush",
  "requires": ["lycanitesmobs"],
  "themes": [
    {
      "base": "DARKOAK",
      "primary": {
        "floor": {
        "type": "WEIGHTED", "data": [
          {"type": "METABLOCK", "data": {"name": "lycanitesmobs:lushstonetile"}, "weight": 8},
          {"type": "METABLOCK", "data": {"name": "lycanitesmobs:lushstonepolished"}, "weight": 2},
          {"type": "METABLOCK", "data": {"name": "minecraft:mycelium"}, "weight": 0}
        ]
      },
      "walls": {
        "type": "WEIGHTED", "data": [
            {"type": "METABLOCK", "data": {"name": "lycanitesmobs:lushstonebrick"}, "weight": 8},
            {"type": "METABLOCK", "data": {"name": "lycanitesmobs:lushstonechiseled"}, "weight": 2},
            {"type": "METABLOCK", "data": {"name": "lycanitesmobs:lushstonepillar"}, "weight": 0}
          ]
        },
        "pillar": {
          "type": "LAYERS", "data": [
            {"type": "METABLOCK", "data": {"name": "lycanitesmobs:lushstonechiseled"}},
            {"type": "METABLOCK", "data": {"name": "lycanitesmobs:lushstonebrick"}},
            {"type": "METABLOCK", "data": {"name": "lycanitesmobs:lushstonebrick"}},
            {"type": "METABLOCK", "data": {"name": "lycanitesmobs:lushstonebrick"}}
          ]
        },
        "stair": {"type": "METABLOCK", "weight": 8, "data": {"name": "lycanitesmobs:lushstone_stairs"}},
        "door": {"name": "iron_door"},
        "lightblock": {
          "type": "WEIGHTED", "data": [
            {"type": "METABLOCK", "data": {"name": "lycanitesmobs:lushcrystal"}, "weight": 8},
            {"type": "METABLOCK", "data": {"name": "minecraft:obsidian"}, "weight": 8}
          ]
        },
        "liquid": {"type": "METABLOCK", "data": {"name": "minecraft:water"}}
      },
      "secondary": {
        "floor": {
        "type": "WEIGHTED", "data": [
          {"type": "METABLOCK", "data": {"name": "lycanitesmobs:lushstonetile"}, "weight": 8},
          {"type": "METABLOCK", "data": {"name": "lycanitesmobs:lushstonepolished"}, "weight": 2},
          {"type": "METABLOCK", "data": {"name": "minecraft:mycelium"}, "weight": 0}
        ]
      },
      "walls": {
        "type": "WEIGHTED", "data": [
            {"type": "METABLOCK", "data": {"name": "lycanitesmobs:lushstonebrick"}, "weight": 8},
            {"type": "METABLOCK", "data": {"name": "lycanitesmobs:lushstonechiseled"}, "weight": 2},
            {"type": "METABLOCK", "data": {"name": "lycanitesmobs:lushstonepillar"}, "weight": 0}
          ]
        },
        "pillar": {
          "type": "LAYERS", "data": [
            {"type": "METABLOCK", "data": {"name": "lycanitesmobs:lushstonepillar"}}
          ]
        },
        "stair": {"type": "METABLOCK", "weight": 8, "data": {"name": "lycanitesmobs:lushstonebrick_stairs"}},
        "door": {"name": "iron_door"},
        "lightblock": {
          "type": "WEIGHTED", "data": [
            {"type": "METABLOCK", "data": {"name": "lycanitesmobs:lushcrystal"}, "weight": 8},
            {"type": "METABLOCK", "data": {"name": "minecraft:obsidian"}, "weight": 8}
          ]
        },
        "liquid": {"type": "METABLOCK", "data": {"name": "minecraft:water"}}
      }
    }
  ]
}
