{
  "name": "fnarpack:loot_ore",
  "requires": ["aquaculture", "defiledlands", "dungeontactics", "embers", "railcraft"],
  "lootRules": [
    {
      "level": 0,
      "type": "ORE",
      "loot": [
        {"data": {"name": "minecraft:coal", "min": 3, "max": 8}, "weight": 5},
        {"data": {"name": "minecraft:dye", "meta": 4, "min": 1, "max": 3}, "weight": 5},

        {"data": {"name": "minecraft:gold_nugget"}, "weight": 5},
        {"data": {"name": "dungeontactics:silver_nugget"}, "weight": 5},

        {"data": {"name": "minecraft:iron_nugget"}, "weight": 5},

        {"data": {"name": "dungeontactics:diamond_nugget"}, "weight": 5},
        {"data": {"name": "dungeontactics:steel_nugget"}, "weight": 5},
        {"data": {"name": "dungeontactics:mithril_nugget"}, "weight": 5},

        // 4
        {"data": {"name": "railcraft:ingot", "meta": 8}, "weight": 1},
        {"data": {"name": "railcraft:ingot", "meta": 9}, "weight": 1},
        {"data": {"name": "minecraft:gold_ingot"}, "weight": 1},
        // 5 -- stone
        {"data": {"name": "embers:ingot_electrum"}, "weight": 1},
        {"data": {"name": "embers:ingot_tin"}, "weight": 1},
        // 5.5
        {"data": {"name": "embers:ingot_copper"}, "weight": 1},
        {"data": {"name": "embers:ingot_aluminum"}, "weight": 1},
        // 6 -- iron
        {"data": {"name": "minecraft:iron_ingot"}, "weight": 1},
        {"data": {"name": "defiledlands:umbrium_ingot"}, "weight": 1},
        {"data": {"name": "embers:ingot_nickel"}, "weight": 1},
        {"data": {"name": "embers:ingot_lead"}, "weight": 1},
        {"data": {"name": "embers:ingot_silver"}, "weight": 1},
        {"data": {"name": "embers:ingot_bronze"}, "weight": 1},
        {"data": {"name": "railcraft:ingot", "meta": 7}, "weight": 1}
      ],
      "each": true,
      "quantity": 12
    },
    {
      "level": 1,
      "type": "ORE",
      "loot": [
        {"data": {"name": "minecraft:coal", "min": 3, "max": 8}, "weight": 4},
        {"data": {"name": "minecraft:dye", "meta": 4, "min": 1, "max": 3}, "weight": 4},

        {"data": {"name": "minecraft:gold_nugget"}, "weight": 4},
        {"data": {"name": "dungeontactics:silver_nugget"}, "weight": 4},

        {"data": {"name": "minecraft:iron_nugget"}, "weight": 4},

        {"data": {"name": "dungeontactics:diamond_nugget"}, "weight": 4},
        {"data": {"name": "dungeontactics:steel_nugget"}, "weight": 4},
        {"data": {"name": "dungeontactics:mithril_nugget"}, "weight": 4},

        // 4
        {"data": {"name": "railcraft:ingot", "meta": 8}, "weight": 1},
        {"data": {"name": "railcraft:ingot", "meta": 9}, "weight": 1},
        {"data": {"name": "minecraft:gold_ingot"}, "weight": 1},
        // 5 -- stone
        {"data": {"name": "embers:ingot_electrum"}, "weight": 1},
        {"data": {"name": "embers:ingot_tin"}, "weight": 1},
        // 5.5
        {"data": {"name": "embers:ingot_copper"}, "weight": 1},
        {"data": {"name": "embers:ingot_aluminum"}, "weight": 1},
        // 6 -- iron
        {"data": {"name": "minecraft:iron_ingot"}, "weight": 1},
        {"data": {"name": "defiledlands:umbrium_ingot"}, "weight": 1},
        {"data": {"name": "embers:ingot_nickel"}, "weight": 1},
        {"data": {"name": "embers:ingot_lead"}, "weight": 1},
        {"data": {"name": "embers:ingot_silver"}, "weight": 1},
        {"data": {"name": "embers:ingot_bronze"}, "weight": 1},
        {"data": {"name": "railcraft:ingot", "meta": 7}, "weight": 1},
        // 6.5
        {"data": {"name": "embers:ingot_dawnstone"}, "weight": 1},
        // 7 -- diamond
        {"data": {"name": "minecraft:diamond"}, "weight": 1},
        {"data": {"name": "aquaculture:loot", "meta": 1}, "weight": 1},
        {"data": {"name": "dungeontactics:steel_ingot"}, "weight": 1},
        {"data": {"name": "dungeontactics:mithril_ingot"}, "weight": 1}
      ],
      "each": true,
      "quantity": 12
    },
    {
      "level": 2,
      "type": "ORE",
      "loot": [
        {"data": {"name": "minecraft:coal", "min": 3, "max": 8}, "weight": 3},
        {"data": {"name": "minecraft:dye", "meta": 4, "min": 1, "max": 3}, "weight": 3},

        {"data": {"name": "minecraft:gold_nugget"}, "weight": 3},
        {"data": {"name": "dungeontactics:silver_nugget"}, "weight": 3},

        {"data": {"name": "minecraft:iron_nugget"}, "weight": 3},

        {"data": {"name": "dungeontactics:diamond_nugget"}, "weight": 3},
        {"data": {"name": "dungeontactics:steel_nugget"}, "weight": 3},
        {"data": {"name": "dungeontactics:mithril_nugget"}, "weight": 3},

        // 4
        {"data": {"name": "railcraft:ingot", "meta": 8}, "weight": 1},
        {"data": {"name": "railcraft:ingot", "meta": 9}, "weight": 1},
        {"data": {"name": "minecraft:gold_ingot"}, "weight": 1},
        // 5 -- stone
        {"data": {"name": "embers:ingot_electrum"}, "weight": 1},
        {"data": {"name": "embers:ingot_tin"}, "weight": 1},
        // 5.5
        {"data": {"name": "embers:ingot_copper"}, "weight": 1},
        {"data": {"name": "embers:ingot_aluminum"}, "weight": 1},
        // 6 -- iron
        {"data": {"name": "minecraft:iron_ingot"}, "weight": 1},
        {"data": {"name": "defiledlands:umbrium_ingot"}, "weight": 1},
        {"data": {"name": "embers:ingot_nickel"}, "weight": 1},
        {"data": {"name": "embers:ingot_lead"}, "weight": 1},
        {"data": {"name": "embers:ingot_silver"}, "weight": 1},
        {"data": {"name": "embers:ingot_bronze"}, "weight": 1},
        {"data": {"name": "railcraft:ingot", "meta": 7}, "weight": 1},
        // 6.5
        {"data": {"name": "embers:ingot_dawnstone"}, "weight": 1},
        // 7 -- diamond
        {"data": {"name": "minecraft:diamond"}, "weight": 1},
        {"data": {"name": "aquaculture:loot", "meta": 1}, "weight": 1},
        {"data": {"name": "dungeontactics:steel_ingot"}, "weight": 1},
        {"data": {"name": "dungeontactics:mithril_ingot"}, "weight": 1}
      ],
      "each": true,
      "quantity": 12
    },
    {
      "level": 3,
      "type": "ORE",
      "loot": [
        {"data": {"name": "minecraft:coal", "min": 3, "max": 8}, "weight": 2},
        {"data": {"name": "minecraft:dye", "meta": 4, "min": 1, "max": 3}, "weight": 2},

        {"data": {"name": "minecraft:gold_nugget"}, "weight": 2},
        {"data": {"name": "dungeontactics:silver_nugget"}, "weight": 2},

        {"data": {"name": "minecraft:iron_nugget"}, "weight": 2},

        {"data": {"name": "dungeontactics:diamond_nugget"}, "weight": 2},
        {"data": {"name": "dungeontactics:steel_nugget"}, "weight": 2},
        {"data": {"name": "dungeontactics:mithril_nugget"}, "weight": 2},

        // 4
        {"data": {"name": "railcraft:ingot", "meta": 8}, "weight": 1},
        {"data": {"name": "railcraft:ingot", "meta": 9}, "weight": 1},
        {"data": {"name": "minecraft:gold_ingot"}, "weight": 1},
        // 5 -- stone
        {"data": {"name": "embers:ingot_electrum"}, "weight": 1},
        {"data": {"name": "embers:ingot_tin"}, "weight": 1},
        // 5.5
        {"data": {"name": "embers:ingot_copper"}, "weight": 1},
        {"data": {"name": "embers:ingot_aluminum"}, "weight": 1},
        // 6 -- iron
        {"data": {"name": "minecraft:iron_ingot"}, "weight": 1},
        {"data": {"name": "defiledlands:umbrium_ingot"}, "weight": 1},
        {"data": {"name": "embers:ingot_nickel"}, "weight": 1},
        {"data": {"name": "embers:ingot_lead"}, "weight": 1},
        {"data": {"name": "embers:ingot_silver"}, "weight": 1},
        {"data": {"name": "embers:ingot_bronze"}, "weight": 1},
        {"data": {"name": "railcraft:ingot", "meta": 7}, "weight": 1},
        // 6.5
        {"data": {"name": "embers:ingot_dawnstone"}, "weight": 1},
        // 7 -- diamond
        {"data": {"name": "minecraft:diamond"}, "weight": 1},
        {"data": {"name": "aquaculture:loot", "meta": 1}, "weight": 1},
        {"data": {"name": "dungeontactics:steel_ingot"}, "weight": 1},
        {"data": {"name": "dungeontactics:mithril_ingot"}, "weight": 1}
      ],
      "each": true,
      "quantity": 12
    },
    {
      "level": 4,
      "type": "ORE",
      "each": true,
      "quantity": 12,
      "loot": [
        {"data": {"name": "minecraft:coal", "min": 3, "max": 8}, "weight": 1},
        {"data": {"name": "minecraft:dye", "meta": 4, "min": 1, "max": 3}, "weight": 1},

        {"data": {"name": "minecraft:gold_nugget"}, "weight": 1},
        {"data": {"name": "dungeontactics:silver_nugget"}, "weight": 1},

        {"data": {"name": "minecraft:iron_nugget"}, "weight": 1},

        {"data": {"name": "dungeontactics:diamond_nugget"}, "weight": 1},
        {"data": {"name": "dungeontactics:steel_nugget"}, "weight": 1},
        {"data": {"name": "dungeontactics:mithril_nugget"}, "weight": 1},

        // 4
        {"data": {"name": "railcraft:ingot", "meta": 8}, "weight": 1},
        {"data": {"name": "railcraft:ingot", "meta": 9}, "weight": 1},
        {"data": {"name": "minecraft:gold_ingot"}, "weight": 1},
        // 5 -- stone
        {"data": {"name": "embers:ingot_electrum"}, "weight": 1},
        {"data": {"name": "embers:ingot_tin"}, "weight": 1},
        // 5.5
        {"data": {"name": "embers:ingot_copper"}, "weight": 1},
        {"data": {"name": "embers:ingot_aluminum"}, "weight": 1},
        // 6 -- iron
        {"data": {"name": "minecraft:iron_ingot"}, "weight": 1},
        {"data": {"name": "defiledlands:umbrium_ingot"}, "weight": 1},
        {"data": {"name": "embers:ingot_nickel"}, "weight": 1},
        {"data": {"name": "embers:ingot_lead"}, "weight": 1},
        {"data": {"name": "embers:ingot_silver"}, "weight": 1},
        {"data": {"name": "embers:ingot_bronze"}, "weight": 1},
        {"data": {"name": "railcraft:ingot", "meta": 7}, "weight": 1},
        // 6.5
        {"data": {"name": "embers:ingot_dawnstone"}, "weight": 1},
        // 7 -- diamond
        {"data": {"name": "minecraft:diamond"}, "weight": 1},
        {"data": {"name": "aquaculture:loot", "meta": 1}, "weight": 1},
        {"data": {"name": "dungeontactics:steel_ingot"}, "weight": 1},
        {"data": {"name": "dungeontactics:mithril_ingot"}, "weight": 1},

        {"data": {"name": "minecraft:gold_block"}, "weight": 1},
        {"data": {"name": "minecraft:iron_block"}, "weight": 1},
        {"data": {"name": "minecraft:lapis_block"}, "weight": 1},
        {"data": {"name": "minecraft:diamond_block"}, "weight": 1}
      ]
    }
  ]
}
