{
  "name": "fnarpack:loot_all",
  "requires": [
    "dungeontactics",
    "locks",
    "realistictorches",
    "roughtweaks",
    "simpledifficulty",
    "waystones"
  ],
  "lootRules": [
    {
      "level": [0, 1, 2, 3, 4],
      "each": false,
      "quantity": 6,
      "loot": [
        {"data": {"name": "dungeontactics:climbing_rope", "min": 4, "max": 16}},
        {"data": {"name": "locks:wood_lock_pick", "min": 1, "max": 4}},
        {"data": {"name": "realistictorches:matchbox"}},
        {"data": {"name": "realistictorches:torch_unlit", "min": 4, "max": 16}},
        {"data": {"name": "roughtweaks:salve"}},
        {"data": {"name": "roughtweaks:plaster"}},
        {"data": {"name": "roughtweaks:bandage"}},
        {"data": {"name": "simpledifficulty:charcoal_filter"}},
        {"data": {"name": "waystones:return_scroll"}}
      ]
    }
  ]
}