{
  "name": "fnarpack:loot_weapons",
  "requires": [
    "cyclicmagic",
    "dungeontactics",
    "mujmajnkraftsbettersurvival",
    "spartanweaponry",
    "switchbow"
  ],
  "lootRules": [
    {
      "level": [0,1,2,3,4],
      "type": "WEAPONS",
      "each": true,
      "quantity": 1,
      "loot": [
        {"data": {"type": "weapon", "level": 0, "ench": true}, "weight": 320},

        {"data": {"name": "dungeontactics:wooden_hammer", "ench": 15}, "weight": 16},
        {"data": {"name": "dungeontactics:wooden_battleaxe", "ench": 15}, "weight": 16},
        {"data": {"name": "dungeontactics:wooden_glaive", "ench": 15}, "weight": 16},
        {"data": {"name": "dungeontactics:wooden_knife", "ench": 15}, "weight": 16},
        {"data": {"name": "dungeontactics:wooden_cutlass", "ench": 15}, "weight": 16},
        {"data": {"name": "dungeontactics:wooden_cestus", "ench": 15}, "weight": 16},
        {"data": {"name": "dungeontactics:stone_hammer", "ench": 15}, "weight": 16},
        {"data": {"name": "dungeontactics:stone_battleaxe", "ench": 15}, "weight": 16},
        {"data": {"name": "dungeontactics:stone_glaive", "ench": 15}, "weight": 16},
        {"data": {"name": "dungeontactics:stone_knife", "ench": 15}, "weight": 16},
        {"data": {"name": "dungeontactics:stone_cutlass", "ench": 15}, "weight": 16},
        {"data": {"name": "dungeontactics:stone_cestus", "ench": 15}, "weight": 16},
        {"data": {"name": "dungeontactics:bone_hammer", "ench": 15}, "weight": 16},
        {"data": {"name": "dungeontactics:bone_battleaxe", "ench": 15}, "weight": 16},
        {"data": {"name": "dungeontactics:bone_glaive", "ench": 15}, "weight": 16},
        {"data": {"name": "dungeontactics:bone_sword", "ench": 15}, "weight": 16},
        {"data": {"name": "dungeontactics:bone_knife", "ench": 15}, "weight": 16},
        {"data": {"name": "dungeontactics:bone_cutlass", "ench": 15}, "weight": 16},
        {"data": {"name": "dungeontactics:bone_cestus", "ench": 15}, "weight": 16},

        {"data": {"name": "mujmajnkraftsbettersurvival:itembronzehammer", "ench": 15}, "weight": 16},
        {"data": {"name": "mujmajnkraftsbettersurvival:itembronzespear", "ench": 15}, "weight": 16},
        {"data": {"name": "mujmajnkraftsbettersurvival:itembronzebattleaxe", "ench": 15}, "weight": 16},
        {"data": {"name": "mujmajnkraftsbettersurvival:itembronzedagger", "ench": 15}, "weight": 16},
        {"data": {"name": "mujmajnkraftsbettersurvival:itembronzenunchaku", "ench": 15}, "weight": 16},
        {"data": {"name": "mujmajnkraftsbettersurvival:itemgoldhammer", "ench": 15}, "weight": 16},
        {"data": {"name": "mujmajnkraftsbettersurvival:itemgoldspear", "ench": 15}, "weight": 16},
        {"data": {"name": "mujmajnkraftsbettersurvival:itemgoldbattleaxe", "ench": 15}, "weight": 16},
        {"data": {"name": "mujmajnkraftsbettersurvival:itemgolddagger", "ench": 15}, "weight": 16},
        {"data": {"name": "mujmajnkraftsbettersurvival:itemgoldnunchaku", "ench": 15}, "weight": 16},
        {"data": {"name": "mujmajnkraftsbettersurvival:itemsilverhammer", "ench": 15}, "weight": 16},
        {"data": {"name": "mujmajnkraftsbettersurvival:itemsilverspear", "ench": 15}, "weight": 16},
        {"data": {"name": "mujmajnkraftsbettersurvival:itemsilverbattleaxe", "ench": 15}, "weight": 16},
        {"data": {"name": "mujmajnkraftsbettersurvival:itemsilverdagger", "ench": 15}, "weight": 16},
        {"data": {"name": "mujmajnkraftsbettersurvival:itemsilvernunchaku", "ench": 15}, "weight": 16},
        {"data": {"name": "mujmajnkraftsbettersurvival:itemcrossbow", "ench": 15}, "weight": 16},

        {"data": {"name": "dungeontactics:golden_hammer", "ench": 15}, "weight": 16},
        {"data": {"name": "dungeontactics:golden_battleaxe", "ench": 15}, "weight": 16},
        {"data": {"name": "dungeontactics:golden_glaive", "ench": 15}, "weight": 16},
        {"data": {"name": "dungeontactics:golden_knife", "ench": 15}, "weight": 16},
        {"data": {"name": "dungeontactics:golden_cutlass", "ench": 15}, "weight": 16},
        {"data": {"name": "dungeontactics:golden_cestus", "ench": 15}, "weight": 16},
        {"data": {"name": "dungeontactics:silver_hammer", "ench": 15}, "weight": 16},
        {"data": {"name": "dungeontactics:silver_battleaxe", "ench": 15}, "weight": 16},
        {"data": {"name": "dungeontactics:silver_glaive", "ench": 15}, "weight": 16},
        {"data": {"name": "dungeontactics:silver_sword", "ench": 15}, "weight": 16},
        {"data": {"name": "dungeontactics:silver_knife", "ench": 15}, "weight": 16},
        {"data": {"name": "dungeontactics:silver_cutlass", "ench": 15}, "weight": 16},
        {"data": {"name": "dungeontactics:silver_cestus", "ench": 15}, "weight": 16},

        {"data": {"name": "spartanweaponry:longbow_wood", "ench": 15}, "weight": 16},
        {"data": {"name": "spartanweaponry:longbow_leather", "ench": 15}, "weight": 16},
        {"data": {"name": "spartanweaponry:crossbow_wood", "ench": 15}, "weight": 16},
        {"data": {"name": "spartanweaponry:crossbow_leather", "ench": 15}, "weight": 16},
        {"data": {"name": "spartanweaponry:dagger_stone", "ench": 15}, "weight": 16},
        {"data": {"name": "spartanweaponry:longsword_stone", "ench": 15}, "weight": 16},
        {"data": {"name": "spartanweaponry:katana_stone", "ench": 15}, "weight": 16},
        {"data": {"name": "spartanweaponry:saber_stone", "ench": 15}, "weight": 16},
        {"data": {"name": "spartanweaponry:rapier_stone", "ench": 15}, "weight": 16},
        {"data": {"name": "spartanweaponry:greatsword_stone", "ench": 15}, "weight": 16},
        {"data": {"name": "spartanweaponry:hammer_stone", "ench": 15}, "weight": 16},
        {"data": {"name": "spartanweaponry:warhammer_stone", "ench": 15}, "weight": 16},
        {"data": {"name": "spartanweaponry:spear_stone", "ench": 15}, "weight": 16},
        {"data": {"name": "spartanweaponry:halberd_stone", "ench": 15}, "weight": 16},
        {"data": {"name": "spartanweaponry:pike_stone", "ench": 15}, "weight": 16},
        {"data": {"name": "spartanweaponry:lance_stone", "ench": 15}, "weight": 16},
        {"data": {"name": "spartanweaponry:throwing_knife_stone", "ench": 15}, "weight": 16},
        {"data": {"name": "spartanweaponry:throwing_axe_stone", "ench": 15}, "weight": 16},
        {"data": {"name": "spartanweaponry:javelin_stone", "ench": 15}, "weight": 16},
        {"data": {"name": "spartanweaponry:boomerang_stone", "ench": 15}, "weight": 16},
        {"data": {"name": "spartanweaponry:battleaxe_stone", "ench": 15}, "weight": 16},
        {"data": {"name": "spartanweaponry:mace_stone", "ench": 15}, "weight": 16},
        {"data": {"name": "spartanweaponry:glaive_stone", "ench": 15}, "weight": 16},
        {"data": {"name": "spartanweaponry:staff_stone", "ench": 15}, "weight": 16},
        {"data": {"name": "spartanweaponry:dagger_bronze", "ench": 15}, "weight": 16},
        {"data": {"name": "spartanweaponry:longsword_bronze", "ench": 15}, "weight": 16},
        {"data": {"name": "spartanweaponry:katana_bronze", "ench": 15}, "weight": 16},
        {"data": {"name": "spartanweaponry:saber_bronze", "ench": 15}, "weight": 16},
        {"data": {"name": "spartanweaponry:rapier_bronze", "ench": 15}, "weight": 16},
        {"data": {"name": "spartanweaponry:greatsword_bronze", "ench": 15}, "weight": 16},
        {"data": {"name": "spartanweaponry:hammer_bronze", "ench": 15}, "weight": 16},
        {"data": {"name": "spartanweaponry:warhammer_bronze", "ench": 15}, "weight": 16},
        {"data": {"name": "spartanweaponry:spear_bronze", "ench": 15}, "weight": 16},
        {"data": {"name": "spartanweaponry:halberd_bronze", "ench": 15}, "weight": 16},
        {"data": {"name": "spartanweaponry:pike_bronze", "ench": 15}, "weight": 16},
        {"data": {"name": "spartanweaponry:lance_bronze", "ench": 15}, "weight": 16},
        {"data": {"name": "spartanweaponry:longbow_bronze", "ench": 15}, "weight": 16},
        {"data": {"name": "spartanweaponry:crossbow_bronze", "ench": 15}, "weight": 16},
        {"data": {"name": "spartanweaponry:throwing_knife_bronze", "ench": 15}, "weight": 16},
        {"data": {"name": "spartanweaponry:throwing_axe_bronze", "ench": 15}, "weight": 16},
        {"data": {"name": "spartanweaponry:javelin_bronze", "ench": 15}, "weight": 16},
        {"data": {"name": "spartanweaponry:boomerang_bronze", "ench": 15}, "weight": 16},
        {"data": {"name": "spartanweaponry:battleaxe_bronze", "ench": 15}, "weight": 16},
        {"data": {"name": "spartanweaponry:mace_bronze", "ench": 15}, "weight": 16},
        {"data": {"name": "spartanweaponry:glaive_bronze", "ench": 15}, "weight": 16},
        {"data": {"name": "spartanweaponry:staff_bronze", "ench": 15}, "weight": 16},
        {"data": {"name": "spartanweaponry:dagger_silver", "ench": 15}, "weight": 16},
        {"data": {"name": "spartanweaponry:longsword_silver", "ench": 15}, "weight": 16},
        {"data": {"name": "spartanweaponry:katana_silver", "ench": 15}, "weight": 16},
        {"data": {"name": "spartanweaponry:saber_silver", "ench": 15}, "weight": 16},
        {"data": {"name": "spartanweaponry:rapier_silver", "ench": 15}, "weight": 16},
        {"data": {"name": "spartanweaponry:greatsword_silver", "ench": 15}, "weight": 16},
        {"data": {"name": "spartanweaponry:hammer_silver", "ench": 15}, "weight": 16},
        {"data": {"name": "spartanweaponry:warhammer_silver", "ench": 15}, "weight": 16},
        {"data": {"name": "spartanweaponry:spear_silver", "ench": 15}, "weight": 16},
        {"data": {"name": "spartanweaponry:halberd_silver", "ench": 15}, "weight": 16},
        {"data": {"name": "spartanweaponry:pike_silver", "ench": 15}, "weight": 16},
        {"data": {"name": "spartanweaponry:lance_silver", "ench": 15}, "weight": 16},
        {"data": {"name": "spartanweaponry:throwing_knife_silver", "ench": 15}, "weight": 16},
        {"data": {"name": "spartanweaponry:throwing_axe_silver", "ench": 15}, "weight": 16},
        {"data": {"name": "spartanweaponry:javelin_silver", "ench": 15}, "weight": 16},
        {"data": {"name": "spartanweaponry:boomerang_silver", "ench": 15}, "weight": 16},
        {"data": {"name": "spartanweaponry:battleaxe_silver", "ench": 15}, "weight": 16},
        {"data": {"name": "spartanweaponry:mace_silver", "ench": 15}, "weight": 16},
        {"data": {"name": "spartanweaponry:glaive_silver", "ench": 15}, "weight": 16},
        {"data": {"name": "spartanweaponry:staff_silver", "ench": 15}, "weight": 16},
        {"data": {"name": "spartanweaponry:longbow_silver", "ench": 15}, "weight": 16},
        {"data": {"name": "spartanweaponry:crossbow_silver", "ench": 15}, "weight": 16},
        {"data": {"name": "spartanweaponry:dagger_gold", "ench": 15}, "weight": 16},
        {"data": {"name": "spartanweaponry:longsword_gold", "ench": 15}, "weight": 16},
        {"data": {"name": "spartanweaponry:katana_gold", "ench": 15}, "weight": 16},
        {"data": {"name": "spartanweaponry:saber_gold", "ench": 15}, "weight": 16},
        {"data": {"name": "spartanweaponry:rapier_gold", "ench": 15}, "weight": 16},
        {"data": {"name": "spartanweaponry:greatsword_gold", "ench": 15}, "weight": 16},
        {"data": {"name": "spartanweaponry:hammer_gold", "ench": 15}, "weight": 16},
        {"data": {"name": "spartanweaponry:warhammer_gold", "ench": 15}, "weight": 16},
        {"data": {"name": "spartanweaponry:spear_gold", "ench": 15}, "weight": 16},
        {"data": {"name": "spartanweaponry:halberd_gold", "ench": 15}, "weight": 16},
        {"data": {"name": "spartanweaponry:pike_gold", "ench": 15}, "weight": 16},
        {"data": {"name": "spartanweaponry:lance_gold", "ench": 15}, "weight": 16},
        {"data": {"name": "spartanweaponry:throwing_knife_gold", "ench": 15}, "weight": 16},
        {"data": {"name": "spartanweaponry:throwing_axe_gold", "ench": 15}, "weight": 16},
        {"data": {"name": "spartanweaponry:javelin_gold", "ench": 15}, "weight": 16},
        {"data": {"name": "spartanweaponry:boomerang_gold", "ench": 15}, "weight": 16},
        {"data": {"name": "spartanweaponry:battleaxe_gold", "ench": 15}, "weight": 16},
        {"data": {"name": "spartanweaponry:mace_gold", "ench": 15}, "weight": 16},
        {"data": {"name": "spartanweaponry:glaive_gold", "ench": 15}, "weight": 16},
        {"data": {"name": "spartanweaponry:staff_gold", "ench": 15}, "weight": 16},

        {"data": {"name": "mujmajnkraftsbettersurvival:itemironhammer", "ench": 15}, "weight": 16},
        {"data": {"name": "mujmajnkraftsbettersurvival:itemironspear", "ench": 15}, "weight": 16},
        {"data": {"name": "mujmajnkraftsbettersurvival:itemironbattleaxe", "ench": 15}, "weight": 16},
        {"data": {"name": "mujmajnkraftsbettersurvival:itemirondagger", "ench": 15}, "weight": 16},
        {"data": {"name": "mujmajnkraftsbettersurvival:itemironnunchaku", "ench": 15}, "weight": 16},

        {"data": {"name": "switchbow:switchbow", "ench": 15}, "weight": 16},
        {"data": {"name": "switchbow:switchcrossbow", "ench": 15}, "weight": 16},

        {"data": {"name": "dungeontactics:iron_hammer", "ench": 15}, "weight": 16},
        {"data": {"name": "dungeontactics:iron_battleaxe", "ench": 15}, "weight": 16},
        {"data": {"name": "dungeontactics:iron_glaive", "ench": 15}, "weight": 16},
        {"data": {"name": "dungeontactics:iron_knife", "ench": 15}, "weight": 16},
        {"data": {"name": "dungeontactics:iron_cutlass", "ench": 15}, "weight": 16},
        {"data": {"name": "dungeontactics:iron_cestus", "ench": 15}, "weight": 16},
        {"data": {"name": "dungeontactics:claws", "ench": 15}, "weight": 16},
        {"data": {"name": "dungeontactics:taser", "ench": 15}, "weight": 16},

        {"data": {"name": "spartanweaponry:dagger_iron", "ench": 15}, "weight": 16},
        {"data": {"name": "spartanweaponry:longsword_iron", "ench": 15}, "weight": 16},
        {"data": {"name": "spartanweaponry:katana_iron", "ench": 15}, "weight": 16},
        {"data": {"name": "spartanweaponry:saber_iron", "ench": 15}, "weight": 16},
        {"data": {"name": "spartanweaponry:rapier_iron", "ench": 15}, "weight": 16},
        {"data": {"name": "spartanweaponry:greatsword_iron", "ench": 15}, "weight": 16},
        {"data": {"name": "spartanweaponry:hammer_iron", "ench": 15}, "weight": 16},
        {"data": {"name": "spartanweaponry:warhammer_iron", "ench": 15}, "weight": 16},
        {"data": {"name": "spartanweaponry:spear_iron", "ench": 15}, "weight": 16},
        {"data": {"name": "spartanweaponry:halberd_iron", "ench": 15}, "weight": 16},
        {"data": {"name": "spartanweaponry:pike_iron", "ench": 15}, "weight": 16},
        {"data": {"name": "spartanweaponry:lance_iron", "ench": 15}, "weight": 16},
        {"data": {"name": "spartanweaponry:longbow_iron", "ench": 15}, "weight": 16},
        {"data": {"name": "spartanweaponry:crossbow_iron", "ench": 15}, "weight": 16},
        {"data": {"name": "spartanweaponry:throwing_knife_iron", "ench": 15}, "weight": 16},
        {"data": {"name": "spartanweaponry:throwing_axe_iron", "ench": 15}, "weight": 16},
        {"data": {"name": "spartanweaponry:javelin_iron", "ench": 15}, "weight": 16},
        {"data": {"name": "spartanweaponry:boomerang_iron", "ench": 15}, "weight": 16},
        {"data": {"name": "spartanweaponry:battleaxe_iron", "ench": 15}, "weight": 16},
        {"data": {"name": "spartanweaponry:mace_iron", "ench": 15}, "weight": 16},
        {"data": {"name": "spartanweaponry:glaive_iron", "ench": 15}, "weight": 16},
        {"data": {"name": "spartanweaponry:staff_iron", "ench": 15}, "weight": 16},
        {"data": {"name": "spartanweaponry:caestus_studded", "ench": 15}, "weight": 16},
        {"data": {"name": "spartanweaponry:club_studded", "ench": 15}, "weight": 16},

        {"data": {"name": "mujmajnkraftsbettersurvival:itemjunglechitinhammer", "ench": 15}, "weight": 4},
        {"data": {"name": "mujmajnkraftsbettersurvival:itemjunglechitinspear", "ench": 15}, "weight": 4},
        {"data": {"name": "mujmajnkraftsbettersurvival:itemjunglechitinbattleaxe", "ench": 15}, "weight": 4},
        {"data": {"name": "mujmajnkraftsbettersurvival:itemjunglechitindagger", "ench": 15}, "weight": 4},
        {"data": {"name": "mujmajnkraftsbettersurvival:itemjunglechitinnunchaku", "ench": 15}, "weight": 4},
        {"data": {"name": "mujmajnkraftsbettersurvival:itemdesertchitinhammer", "ench": 15}, "weight": 4},
        {"data": {"name": "mujmajnkraftsbettersurvival:itemdesertchitinspear", "ench": 15}, "weight": 4},
        {"data": {"name": "mujmajnkraftsbettersurvival:itemdesertchitinbattleaxe", "ench": 15}, "weight": 4},
        {"data": {"name": "mujmajnkraftsbettersurvival:itemdesertchitindagger", "ench": 15}, "weight": 4},

        {"data": {"name": "dungeontactics:steel_hammer", "ench": 15}, "weight": 4},
        {"data": {"name": "dungeontactics:steel_battleaxe", "ench": 15}, "weight": 4},
        {"data": {"name": "dungeontactics:steel_glaive", "ench": 15}, "weight": 4},
        {"data": {"name": "dungeontactics:steel_sword", "ench": 15}, "weight": 4},
        {"data": {"name": "dungeontactics:steel_knife", "ench": 15}, "weight": 4},
        {"data": {"name": "dungeontactics:steel_cutlass", "ench": 15}, "weight": 4},
        {"data": {"name": "dungeontactics:steel_cestus", "ench": 15}, "weight": 4},

        {"data": {"name": "spartanweaponry:dagger_steel", "ench": 15}, "weight": 4},
        {"data": {"name": "spartanweaponry:longsword_steel", "ench": 15}, "weight": 4},
        {"data": {"name": "spartanweaponry:katana_steel", "ench": 15}, "weight": 4},
        {"data": {"name": "spartanweaponry:saber_steel", "ench": 15}, "weight": 4},
        {"data": {"name": "spartanweaponry:rapier_steel", "ench": 15}, "weight": 4},
        {"data": {"name": "spartanweaponry:greatsword_steel", "ench": 15}, "weight": 4},
        {"data": {"name": "spartanweaponry:hammer_steel", "ench": 15}, "weight": 4},
        {"data": {"name": "spartanweaponry:warhammer_steel", "ench": 15}, "weight": 4},
        {"data": {"name": "spartanweaponry:spear_steel", "ench": 15}, "weight": 4},
        {"data": {"name": "spartanweaponry:halberd_steel", "ench": 15}, "weight": 4},
        {"data": {"name": "spartanweaponry:pike_steel", "ench": 15}, "weight": 4},
        {"data": {"name": "spartanweaponry:lance_steel", "ench": 15}, "weight": 4},
        {"data": {"name": "spartanweaponry:longbow_steel", "ench": 15}, "weight": 4},
        {"data": {"name": "spartanweaponry:crossbow_steel", "ench": 15}, "weight": 4},
        {"data": {"name": "spartanweaponry:throwing_knife_steel", "ench": 15}, "weight": 4},
        {"data": {"name": "spartanweaponry:throwing_axe_steel", "ench": 15}, "weight": 4},
        {"data": {"name": "spartanweaponry:javelin_steel", "ench": 15}, "weight": 4},
        {"data": {"name": "spartanweaponry:boomerang_steel", "ench": 15}, "weight": 4},
        {"data": {"name": "spartanweaponry:battleaxe_steel", "ench": 15}, "weight": 4},
        {"data": {"name": "spartanweaponry:mace_steel", "ench": 15}, "weight": 4},
        {"data": {"name": "spartanweaponry:glaive_steel", "ench": 15}, "weight": 4},
        {"data": {"name": "spartanweaponry:staff_steel", "ench": 15}, "weight": 4},

        {"data": {"name": "mujmajnkraftsbettersurvival:itemdiamondhammer", "ench": 15}, "weight": 1},
        {"data": {"name": "mujmajnkraftsbettersurvival:itemdiamondspear", "ench": 15}, "weight": 1},
        {"data": {"name": "mujmajnkraftsbettersurvival:itemdiamondbattleaxe", "ench": 15}, "weight": 1},
        {"data": {"name": "mujmajnkraftsbettersurvival:itemdiamonddagger", "ench": 15}, "weight": 1},
        {"data": {"name": "mujmajnkraftsbettersurvival:itemdiamondnunchaku", "ench": 15}, "weight": 1},

        {"data": {"name": "dungeontactics:diamond_hammer", "ench": 15}, "weight": 1},
        {"data": {"name": "dungeontactics:diamond_battleaxe", "ench": 15}, "weight": 1},
        {"data": {"name": "dungeontactics:diamond_glaive", "ench": 15}, "weight": 1},
        {"data": {"name": "dungeontactics:diamond_knife", "ench": 15}, "weight": 1},
        {"data": {"name": "dungeontactics:diamond_cutlass", "ench": 15}, "weight": 1},
        {"data": {"name": "dungeontactics:diamond_cestus", "ench": 15}, "weight": 1},

        {"data": {"name": "cyclicmagic:emerald_sword", "ench": 15}, "weight": 1},

        {"data": {"name": "dungeontactics:mithril_hammer", "ench": 15}, "weight": 1},
        {"data": {"name": "dungeontactics:mithril_battleaxe", "ench": 15}, "weight": 1},
        {"data": {"name": "dungeontactics:mithril_glaive", "ench": 15}, "weight": 1},
        {"data": {"name": "dungeontactics:mithril_sword", "ench": 15}, "weight": 1},
        {"data": {"name": "dungeontactics:mithril_knife", "ench": 15}, "weight": 1},
        {"data": {"name": "dungeontactics:mithril_cutlass", "ench": 15}, "weight": 1},
        {"data": {"name": "dungeontactics:mithril_cestus", "ench": 15}, "weight": 1},

        {"data": {"name": "spartanweaponry:dagger_diamond", "ench": 15}, "weight": 1},
        {"data": {"name": "spartanweaponry:longsword_diamond", "ench": 15}, "weight": 1},
        {"data": {"name": "spartanweaponry:katana_diamond", "ench": 15}, "weight": 1},
        {"data": {"name": "spartanweaponry:saber_diamond", "ench": 15}, "weight": 1},
        {"data": {"name": "spartanweaponry:rapier_diamond", "ench": 15}, "weight": 1},
        {"data": {"name": "spartanweaponry:greatsword_diamond", "ench": 15}, "weight": 1},
        {"data": {"name": "spartanweaponry:hammer_diamond", "ench": 15}, "weight": 1},
        {"data": {"name": "spartanweaponry:warhammer_diamond", "ench": 15}, "weight": 1},
        {"data": {"name": "spartanweaponry:spear_diamond", "ench": 15}, "weight": 1},
        {"data": {"name": "spartanweaponry:halberd_diamond", "ench": 15}, "weight": 1},
        {"data": {"name": "spartanweaponry:pike_diamond", "ench": 15}, "weight": 1},
        {"data": {"name": "spartanweaponry:lance_diamond", "ench": 15}, "weight": 1},
        {"data": {"name": "spartanweaponry:longbow_diamond", "ench": 15}, "weight": 1},
        {"data": {"name": "spartanweaponry:crossbow_diamond", "ench": 15}, "weight": 1},
        {"data": {"name": "spartanweaponry:throwing_knife_diamond", "ench": 15}, "weight": 1},
        {"data": {"name": "spartanweaponry:throwing_axe_diamond", "ench": 15}, "weight": 1},
        {"data": {"name": "spartanweaponry:javelin_diamond", "ench": 15}, "weight": 1},
        {"data": {"name": "spartanweaponry:boomerang_diamond", "ench": 15}, "weight": 1},
        {"data": {"name": "spartanweaponry:battleaxe_diamond", "ench": 15}, "weight": 1},
        {"data": {"name": "spartanweaponry:mace_diamond", "ench": 15}, "weight": 1},
        {"data": {"name": "spartanweaponry:glaive_diamond", "ench": 15}, "weight": 1},
        {"data": {"name": "spartanweaponry:staff_diamond", "ench": 15}, "weight": 1}
      ]
    }
  ]
}
