{
  "name": "your_name_here:loot_custom",
  "lootRules": [
    {
      // which levels this rule applies to
      "level": [0, 1, 2, 3, 4],
      // which "chest types" will receive this loot
      "type": "FOOD",
      // does this apply to each chest of this type, or only once?
      "each": true,
      // how many items to roll for and insert into chest
      "quantity": 1,
      // possible items to roll for
      "loot": [
        {"data": {"name": "minecraft:coal", "meta": 1, "min": 1, "max": 4}, "weight": 1}
      ]
    }
  ]
}
