{
  "name": "spawners:evil_humanoids",
  "spawners": [
    {
      "level": [0, 1, 2, 3, 4],
      "weight": 4,
      "potentials": [
        {"weight": 1, "name": "minecraft:witch"},
        {"weight": 4, "name": "minecraft:zombie"},
        {"weight": 1, "name": "minecraft:zombie_villager"}
      ]
    },
    {
      "level": [1, 2, 3, 4],
      "weight": 4,
      "potentials": [
        {"weight": 6, "name": "minecraft:vindication_illager", "nbt": "{HandItems:[{id:\"minecraft:iron_axe\",Count:1},{}]}"},
        {"weight": 1, "name": "minecraft:evocation_illager"},
        {"weight": 1, "name": "minecraft:illusion_illager", "nbt": "{HandItems:[{id:\"minecraft:bow\",Count:1},{}]}"}
      ]
    },
    {
      "level": [2, 3, 4],
      "weight": 1,
      "potentials": [
        {"weight": 1, "name": "minecraft:vex"}
      ]
    }
  ]
}
