{
  "name": "rooms:secret",

  "rooms": [
    {"level": [0,1,2,3,4], "frequency": "secret", "type": "REWARD", "count": 5},
    {"level": [0,1,2,3,4], "frequency": "secret", "type": "CAKE", "count": 1},
    {"level": [0,1,2,3,4], "frequency": "secret", "type": "FIREWORK", "count": 1},
    {"level": [0,2,4], "frequency": "secret", "type": "BEDROOM", "count": 1},
    {"level": [1,3], "frequency": "secret", "type": "BTEAM", "count": 1},
    {"level": [1,3], "frequency": "secret", "type": "ENCHANT", "count": 1},
    {"level": [1,3], "frequency": "secret", "type": "STORAGE", "count": 1},
    {"level": [2,3,4], "frequency": "secret", "type": "LIBRARY", "count": 1}
  ]
}
