{
  "name": "rooms:friendly",
  "rooms": [
    {"level": [2], "frequency": "single", "type": "REWARD", "count": 1},
    {"level": [4], "frequency": "single", "type": "REWARD", "count": 1},

    // try to place this first
    {"level": [0], "frequency": "secret", "type": "BEDROOM", "count": 1},

    {"level": [0,1,2,3,4], "frequency": "secret", "type": "REWARD", "count": 1},
    {"level": [0], "frequency": "secret", "type": "CAKE", "count": 1},
    {"level": [1], "frequency": "secret", "type": "SMITH", "count": 1},
    {"level": [1,3], "frequency": "secret", "type": "ENCHANT", "count": 1},
    {"level": [2], "frequency": "secret", "type": "BEDROOM", "count": 1},
    {"level": [3], "frequency": "secret", "type": "BTEAM", "count": 1},
    {"level": [4], "frequency": "secret", "type": "REWARD", "count": 1}
  ]
}
