{
  "name": "rooms:nice",

  "rooms": [
    {
      "level": [0, 1, 2, 3, 4],
      "frequency": "random",
      "type": "CAKE",
      "weight": 15
    },
    {
      "level": [0, 1, 2, 3, 4],
      "frequency": "random",
      "type": "ENCHANT",
      "weight": 10
    },
    {
      "level": [0, 1, 2, 3, 4],
      "frequency": "random",
      "type": "LAB",
      "weight": 15
    },
    {
      "level": [0, 1, 2, 3, 4],
      "frequency": "random",
      "type": "LIBRARY",
      "weight": 10
    },
    {
      "level": [0, 1, 2, 3, 4],
      "frequency": "random",
      "type": "MUSIC",
      "weight": 15
    },
    {
      "level": [0, 1, 2, 3, 4],
      "frequency": "random",
      "type": "REWARD",
      "weight": 5
    },
    {
      "level": [0, 1, 2, 3, 4],
      "frequency": "random",
      "type": "SMITH",
      "weight": 15
    },
    {
      "level": [0, 1, 2, 3, 4],
      "frequency": "random",
      "type": "STORAGE",
      "weight": 15
    }
  ]
}
