{
  "name": "rlcraft:loot_all",
  "requires": ["waystones"],
  "exclusive": false,
  "lootRules": [
    {
      "level": [0,1,2,3,4], "each": false, "quantity": 3,
      "loot": [
        {"data": {"name": "waystones:return_scroll"}, "weight": 16},
        {"data": {"name": "waystones:bound_scroll"}, "weight": 4},
        {"data": {"name": "waystones:warp_scroll"}, "weight": 1}
      ]
    },
    {
      "level": [0,1,2,3,4], "each": true, "quantity": 1,
      "loot": [
        // {"data": {"name": "minecraft:stone", "meta":0, "min": 1, "max": 2}, "weight": 1}
      ]
    },
    {
      "level": [0], "each": false, "quantity": 1,
      "loot": [
        // {"data": {"name": "minecraft:stone", "meta":0, "min": 1, "max": 2}, "weight": 1}
      ]
    },
    {
      "level": [0], "each": true, "quantity": 1,
      "loot": [
        // {"data": {"name": "minecraft:stone", "meta":0, "min": 1, "max": 2}, "weight": 1}
      ]
    },
    {
      "level": [1], "each": false, "quantity": 1,
      "loot": [
        // {"data": {"name": "minecraft:stone", "meta":0, "min": 1, "max": 2}, "weight": 1}
      ]
    },
    {
      "level": [1], "each": true, "quantity": 1,
      "loot": [
        // {"data": {"name": "minecraft:stone", "meta":0, "min": 1, "max": 2}, "weight": 1}
      ]
    },
    {
      "level": [2], "each": false, "quantity": 1,
      "loot": [
        // {"data": {"name": "minecraft:stone", "meta":0, "min": 1, "max": 2}, "weight": 1}
      ]
    },
    {
      "level": [2], "each": true, "quantity": 1,
      "loot": [
        // {"data": {"name": "minecraft:stone", "meta":0, "min": 1, "max": 2}, "weight": 1}
      ]
    },
    {
      "level": [3], "each": false, "quantity": 1,
      "loot": [
        // {"data": {"name": "minecraft:stone", "meta":0, "min": 1, "max": 2}, "weight": 1}
      ]
    },
    {
      "level": [3], "each": true, "quantity": 1,
      "loot": [
        // {"data": {"name": "minecraft:stone", "meta":0, "min": 1, "max": 2}, "weight": 1}
      ]
    },
    {
      "level": [4], "each": false, "quantity": 1,
      "loot": [
        // {"data": {"name": "minecraft:stone", "meta":0, "min": 1, "max": 2}, "weight": 1}
      ]
    },
    {
      "level": [4], "each": true, "quantity": 1,
      "loot": [
        // {"data": {"name": "minecraft:stone", "meta":0, "min": 1, "max": 2}, "weight": 1}
      ]
    }
  ]
}
