{
  "name": "ebwizardry:loot_v4.3.4",
  "requires": ["ebwizardry"],
  "lootRules": [
    {
      "level": [0, 1, 2, 3, 4],
      "type": "ARMOUR",
      "each": false,
      "quantity": 1,
      "loot": [
        {"data": {"name": "minecraft:stick"}, "weight": 16},
        {"data": {"name": "ebwizardry:wizard_hat_fire"}, "weight": 1},
        {"data": {"name": "ebwizardry:wizard_robe_fire"}, "weight": 1},
        {"data": {"name": "ebwizardry:wizard_leggings_fire"}, "weight": 1},
        {"data": {"name": "ebwizardry:wizard_boots_fire"}, "weight": 1},
        {"data": {"name": "ebwizardry:wizard_hat_ice"}, "weight": 1},
        {"data": {"name": "ebwizardry:wizard_robe_ice"}, "weight": 1},
        {"data": {"name": "ebwizardry:wizard_leggings_ice"}, "weight": 1},
        {"data": {"name": "ebwizardry:wizard_boots_ice"}, "weight": 1},
        {"data": {"name": "ebwizardry:wizard_hat_lightning"}, "weight": 1},
        {"data": {"name": "ebwizardry:wizard_robe_lightning"}, "weight": 1},
        {"data": {"name": "ebwizardry:wizard_leggings_lightning"}, "weight": 1},
        {"data": {"name": "ebwizardry:wizard_boots_lightning"}, "weight": 1},
        {"data": {"name": "ebwizardry:wizard_hat_necromancy"}, "weight": 1},
        {"data": {"name": "ebwizardry:wizard_robe_necromancy"}, "weight": 1},
        {"data": {"name": "ebwizardry:wizard_leggings_necromancy"}, "weight": 1},
        {"data": {"name": "ebwizardry:wizard_boots_necromancy"}, "weight": 1},
        {"data": {"name": "ebwizardry:wizard_hat_earth"}, "weight": 1},
        {"data": {"name": "ebwizardry:wizard_robe_earth"}, "weight": 1},
        {"data": {"name": "ebwizardry:wizard_leggings_earth"}, "weight": 1},
        {"data": {"name": "ebwizardry:wizard_boots_earth"}, "weight": 1},
        {"data": {"name": "ebwizardry:wizard_hat_sorcery"}, "weight": 1},
        {"data": {"name": "ebwizardry:wizard_robe_sorcery"}, "weight": 1},
        {"data": {"name": "ebwizardry:wizard_leggings_sorcery"}, "weight": 1},
        {"data": {"name": "ebwizardry:wizard_boots_sorcery"}, "weight": 1}
      ]
    },
    {
      "level": [2, 3, 4],
      "type": "REWARD",
      "each": false,
      "quantity": 1,
      "loot": [
        {"data": {"name": "minecraft:coal", "meta": 1}, "weight": 27},
        {"data": {"name": "ebwizardry:magic_crystal", "meta": 1}, "weight": 1},
        {"data": {"name": "ebwizardry:magic_crystal", "meta": 2}, "weight": 1},
        {"data": {"name": "ebwizardry:magic_crystal", "meta": 3}, "weight": 1},
        {"data": {"name": "ebwizardry:magic_crystal", "meta": 4}, "weight": 1},
        {"data": {"name": "ebwizardry:magic_crystal", "meta": 5}, "weight": 1},
        {"data": {"name": "ebwizardry:magic_crystal", "meta": 6}, "weight": 1},
        {"data": {"name": "ebwizardry:magic_crystal", "meta": 7}, "weight": 1},
        {"data": {"name": "ebwizardry:astral_diamond"}, "weight": 1}
      ]
    },
    {
      "level": [0, 1, 2, 3, 4],
      "type": "TOOLS",
      "each": true,
      "quantity": 1,
      "loot": [
        {"data": {"name": "minecraft:stick"}, "weight": 6},

        {"data": {"name": "ebwizardry:identification_scroll"}, "weight": 2},
        {"data": {"name": "ebwizardry:firebomb"}, "weight": 1},
        {"data": {"name": "ebwizardry:spark_bomb"}, "weight": 1},
        {"data": {"name": "ebwizardry:poison_bomb"}, "weight": 1},
        {"data": {"name": "ebwizardry:smoke_bomb"}, "weight": 1}
      ]
    },
    {
      "level": [1, 2, 3, 4],
      "type": "WEAPONS",
      "each": true,
      "quantity": 1,
      "loot": [
        {"data": {"name": "minecraft:stick"}, "weight": 32},

        {"data": {"name": "ebwizardry:novice_fire_wand"}, "weight": 4},
        {"data": {"name": "ebwizardry:novice_ice_wand"}, "weight": 4},
        {"data": {"name": "ebwizardry:novice_lightning_wand"}, "weight": 4},
        {"data": {"name": "ebwizardry:novice_necromancy_wand"}, "weight": 4},
        {"data": {"name": "ebwizardry:novice_earth_wand"}, "weight": 4},
        {"data": {"name": "ebwizardry:novice_sorcery_wand"}, "weight": 4},
        {"data": {"name": "ebwizardry:novice_healing_wand"}, "weight": 4},

        {"data": {"name": "ebwizardry:apprentice_fire_wand"}, "weight": 1},
        {"data": {"name": "ebwizardry:apprentice_ice_wand"}, "weight": 1},
        {"data": {"name": "ebwizardry:apprentice_lightning_wand"}, "weight": 1},
        {"data": {"name": "ebwizardry:apprentice_necromancy_wand"}, "weight": 1},
        {"data": {"name": "ebwizardry:apprentice_earth_wand"}, "weight": 1},
        {"data": {"name": "ebwizardry:apprentice_sorcery_wand"}, "weight": 1},
        {"data": {"name": "ebwizardry:apprentice_healing_wand"}, "weight": 1}
      ]
    },
    {
      "level": [0, 1, 2, 3, 4],
      "each": false,
      "quantity": 1,
      "loot": [
        // novice
        {"data": {"name": "ebwizardry:spell_book", "meta": "1"}, "weight": 30},
        {"data": {"name": "ebwizardry:spell_book", "meta": "2"}, "weight": 30},
        {"data": {"name": "ebwizardry:spell_book", "meta": "3"}, "weight": 30},
        {"data": {"name": "ebwizardry:spell_book", "meta": "4"}, "weight": 30},
        {"data": {"name": "ebwizardry:spell_book", "meta": "5"}, "weight": 30},
        {"data": {"name": "ebwizardry:spell_book", "meta": "6"}, "weight": 30},
        {"data": {"name": "ebwizardry:spell_book", "meta": "7"}, "weight": 30},
        {"data": {"name": "ebwizardry:spell_book", "meta": "8"}, "weight": 30},
        {"data": {"name": "ebwizardry:spell_book", "meta": "9"}, "weight": 30},
        {"data": {"name": "ebwizardry:spell_book", "meta": "10"}, "weight": 30},
        {"data": {"name": "ebwizardry:spell_book", "meta": "11"}, "weight": 30},
        {"data": {"name": "ebwizardry:spell_book", "meta": "12"}, "weight": 30},
        {"data": {"name": "ebwizardry:spell_book", "meta": "13"}, "weight": 30},
        {"data": {"name": "ebwizardry:spell_book", "meta": "14"}, "weight": 30},
        {"data": {"name": "ebwizardry:spell_book", "meta": "15"}, "weight": 30},
        {"data": {"name": "ebwizardry:spell_book", "meta": "16"}, "weight": 30},
        {"data": {"name": "ebwizardry:spell_book", "meta": "17"}, "weight": 30},
        {"data": {"name": "ebwizardry:spell_book", "meta": "18"}, "weight": 30},
        {"data": {"name": "ebwizardry:spell_book", "meta": "19"}, "weight": 30},
        {"data": {"name": "ebwizardry:spell_book", "meta": "20"}, "weight": 30},
        // apprentice
        {"data": {"name": "ebwizardry:spell_book", "meta": "21"}, "weight": 10},
        {"data" : {"name" : "ebwizardry:spell_book", "meta": "22"}, "weight": 10},
        {"data" : {"name" : "ebwizardry:spell_book", "meta": "23"}, "weight": 10},
        {"data" : {"name" : "ebwizardry:spell_book", "meta": "24"}, "weight": 10},
        {"data" : {"name" : "ebwizardry:spell_book", "meta": "25"}, "weight": 10},
        {"data" : {"name" : "ebwizardry:spell_book", "meta": "26"}, "weight": 10},
        {"data" : {"name" : "ebwizardry:spell_book", "meta": "27"}, "weight": 10},
        {"data" : {"name" : "ebwizardry:spell_book", "meta": "28"}, "weight": 10},
        {"data" : {"name" : "ebwizardry:spell_book", "meta": "29"}, "weight": 10},
        {"data" : {"name" : "ebwizardry:spell_book", "meta": "30"}, "weight": 10},
        {"data" : {"name" : "ebwizardry:spell_book", "meta": "31"}, "weight": 10},
        {"data" : {"name" : "ebwizardry:spell_book", "meta": "32"}, "weight": 10},
        {"data" : {"name" : "ebwizardry:spell_book", "meta": "33"}, "weight": 10},
        {"data" : {"name" : "ebwizardry:spell_book", "meta": "34"}, "weight": 10},
        {"data" : {"name" : "ebwizardry:spell_book", "meta": "35"}, "weight": 10},
        {"data" : {"name" : "ebwizardry:spell_book", "meta": "36"}, "weight": 10},
        {"data" : {"name" : "ebwizardry:spell_book", "meta": "37"}, "weight": 10},
        {"data" : {"name" : "ebwizardry:spell_book", "meta": "38"}, "weight": 10},
        {"data" : {"name" : "ebwizardry:spell_book", "meta": "39"}, "weight": 10},
        {"data" : {"name" : "ebwizardry:spell_book", "meta": "40"}, "weight": 10},
        {"data" : {"name" : "ebwizardry:spell_book", "meta": "41"}, "weight": 10},
        {"data" : {"name" : "ebwizardry:spell_book", "meta": "42"}, "weight": 10},
        {"data" : {"name" : "ebwizardry:spell_book", "meta": "43"}, "weight": 10},
        {"data" : {"name" : "ebwizardry:spell_book", "meta": "44"}, "weight": 10},
        {"data" : {"name" : "ebwizardry:spell_book", "meta": "45"}, "weight": 10},
        {"data" : {"name" : "ebwizardry:spell_book", "meta": "46"}, "weight": 10},
        {"data" : {"name" : "ebwizardry:spell_book", "meta": "47"}, "weight": 10},
        {"data" : {"name" : "ebwizardry:spell_book", "meta": "48"}, "weight": 10},
        {"data" : {"name" : "ebwizardry:spell_book", "meta": "49"}, "weight": 10},
        {"data" : {"name" : "ebwizardry:spell_book", "meta": "50"}, "weight": 10},
        {"data" : {"name" : "ebwizardry:spell_book", "meta": "51"}, "weight": 10},
        {"data" : {"name" : "ebwizardry:spell_book", "meta": "52"}, "weight": 10},
        {"data" : {"name" : "ebwizardry:spell_book", "meta": "53"}, "weight": 10},
        {"data" : {"name" : "ebwizardry:spell_book", "meta": "54"}, "weight": 10},
        {"data" : {"name" : "ebwizardry:spell_book", "meta": "55"}, "weight": 10},
        {"data" : {"name" : "ebwizardry:spell_book", "meta": "56"}, "weight": 10},
        {"data" : {"name" : "ebwizardry:spell_book", "meta": "57"}, "weight": 10},
        {"data" : {"name" : "ebwizardry:spell_book", "meta": "58"}, "weight": 10},
        {"data" : {"name" : "ebwizardry:spell_book", "meta": "59"}, "weight": 10},
        {"data" : {"name" : "ebwizardry:spell_book", "meta": "60"}, "weight": 10},
        {"data" : {"name" : "ebwizardry:spell_book", "meta": "61"}, "weight": 10},
        {"data" : {"name" : "ebwizardry:spell_book", "meta": "62"}, "weight": 10},
        {"data" : {"name" : "ebwizardry:spell_book", "meta": "63"}, "weight": 10},
        {"data" : {"name" : "ebwizardry:spell_book", "meta": "64"}, "weight": 10},
        {"data" : {"name" : "ebwizardry:spell_book", "meta": "65"}, "weight": 10},
        {"data" : {"name" : "ebwizardry:spell_book", "meta": "66"}, "weight": 10},
        {"data" : {"name" : "ebwizardry:spell_book", "meta": "67"}, "weight": 10},
        {"data" : {"name" : "ebwizardry:spell_book", "meta": "68"}, "weight": 10},
        {"data" : {"name" : "ebwizardry:spell_book", "meta": "69"}, "weight": 10},
        {"data" : {"name" : "ebwizardry:spell_book", "meta": "70"}, "weight": 10},
        {"data" : {"name" : "ebwizardry:spell_book", "meta": "71"}, "weight": 10},
        // advanced
        {"data" : {"name" : "ebwizardry:spell_book", "meta": "72"}, "weight": 5},
        {"data" : {"name" : "ebwizardry:spell_book", "meta": "73"}, "weight": 5},
        {"data" : {"name" : "ebwizardry:spell_book", "meta": "74"}, "weight": 5},
        {"data" : {"name" : "ebwizardry:spell_book", "meta": "75"}, "weight": 5},
        {"data" : {"name" : "ebwizardry:spell_book", "meta": "76"}, "weight": 5},
        {"data" : {"name" : "ebwizardry:spell_book", "meta": "77"}, "weight": 5},
        {"data" : {"name" : "ebwizardry:spell_book", "meta": "78"}, "weight": 5},
        {"data" : {"name" : "ebwizardry:spell_book", "meta": "79"}, "weight": 5},
        {"data" : {"name" : "ebwizardry:spell_book", "meta": "80"}, "weight": 5},
        {"data" : {"name" : "ebwizardry:spell_book", "meta": "81"}, "weight": 5},
        {"data" : {"name" : "ebwizardry:spell_book", "meta": "82"}, "weight": 5},
        {"data" : {"name" : "ebwizardry:spell_book", "meta": "83"}, "weight": 5},
        {"data" : {"name" : "ebwizardry:spell_book", "meta": "84"}, "weight": 5},
        {"data" : {"name" : "ebwizardry:spell_book", "meta": "85"}, "weight": 5},
        {"data" : {"name" : "ebwizardry:spell_book", "meta": "86"}, "weight": 5},
        {"data" : {"name" : "ebwizardry:spell_book", "meta": "87"}, "weight": 5},
        {"data" : {"name" : "ebwizardry:spell_book", "meta": "88"}, "weight": 5},
        {"data" : {"name" : "ebwizardry:spell_book", "meta": "89"}, "weight": 5},
        {"data" : {"name" : "ebwizardry:spell_book", "meta": "90"}, "weight": 5},
        {"data" : {"name" : "ebwizardry:spell_book", "meta": "91"}, "weight": 5},
        {"data" : {"name" : "ebwizardry:spell_book", "meta": "92"}, "weight": 5},
        {"data" : {"name" : "ebwizardry:spell_book", "meta": "93"}, "weight": 5},
        {"data" : {"name" : "ebwizardry:spell_book", "meta": "94"}, "weight": 5},
        {"data" : {"name" : "ebwizardry:spell_book", "meta": "95"}, "weight": 5},
        {"data" : {"name" : "ebwizardry:spell_book", "meta": "96"}, "weight": 5},
        {"data" : {"name" : "ebwizardry:spell_book", "meta": "97"}, "weight": 5},
        {"data" : {"name" : "ebwizardry:spell_book", "meta": "98"}, "weight": 5},
        {"data" : {"name" : "ebwizardry:spell_book", "meta": "99"}, "weight": 5},
        {"data" : {"name" : "ebwizardry:spell_book", "meta": "100"}, "weight": 5},
        {"data" : {"name" : "ebwizardry:spell_book", "meta": "101"}, "weight": 5},
        {"data" : {"name" : "ebwizardry:spell_book", "meta": "102"}, "weight": 5},
        {"data" : {"name" : "ebwizardry:spell_book", "meta": "103"}, "weight": 5},
        {"data" : {"name" : "ebwizardry:spell_book", "meta": "104"}, "weight": 5},
        {"data" : {"name" : "ebwizardry:spell_book", "meta": "105"}, "weight": 5},
        {"data" : {"name" : "ebwizardry:spell_book", "meta": "106"}, "weight": 5},
        {"data" : {"name" : "ebwizardry:spell_book", "meta": "107"}, "weight": 5},
        {"data" : {"name" : "ebwizardry:spell_book", "meta": "108"}, "weight": 5},
        {"data" : {"name" : "ebwizardry:spell_book", "meta": "109"}, "weight": 5},
        {"data" : {"name" : "ebwizardry:spell_book", "meta": "110"}, "weight": 5},
        {"data" : {"name" : "ebwizardry:spell_book", "meta": "111"}, "weight": 5},
        {"data" : {"name" : "ebwizardry:spell_book", "meta": "112"}, "weight": 5},
        {"data" : {"name" : "ebwizardry:spell_book", "meta": "113"}, "weight": 5},
        {"data" : {"name" : "ebwizardry:spell_book", "meta": "114"}, "weight": 5},
        {"data" : {"name" : "ebwizardry:spell_book", "meta": "115"}, "weight": 5},
        {"data" : {"name" : "ebwizardry:spell_book", "meta": "116"}, "weight": 5},
        {"data" : {"name" : "ebwizardry:spell_book", "meta": "117"}, "weight": 5},
        {"data" : {"name" : "ebwizardry:spell_book", "meta": "118"}, "weight": 5},
        {"data" : {"name" : "ebwizardry:spell_book", "meta": "119"}, "weight": 5},
        {"data" : {"name" : "ebwizardry:spell_book", "meta": "120"}, "weight": 5},
        {"data" : {"name" : "ebwizardry:spell_book", "meta": "121"}, "weight": 5},
        {"data" : {"name" : "ebwizardry:spell_book", "meta": "122"}, "weight": 5},
        {"data" : {"name" : "ebwizardry:spell_book", "meta": "123"}, "weight": 5},
        {"data" : {"name" : "ebwizardry:spell_book", "meta": "124"}, "weight": 5},
        {"data" : {"name" : "ebwizardry:spell_book", "meta": "125"}, "weight": 5},
        {"data" : {"name" : "ebwizardry:spell_book", "meta": "126"}, "weight": 5},
        {"data" : {"name" : "ebwizardry:spell_book", "meta": "127"}, "weight": 5},
        {"data" : {"name" : "ebwizardry:spell_book", "meta": "128"}, "weight": 5},
        {"data" : {"name" : "ebwizardry:spell_book", "meta": "129"}, "weight": 5},
        {"data" : {"name" : "ebwizardry:spell_book", "meta": "130"}, "weight": 5},
        {"data" : {"name" : "ebwizardry:spell_book", "meta": "131"}, "weight": 5},
        {"data" : {"name" : "ebwizardry:spell_book", "meta": "132"}, "weight": 5},
        {"data" : {"name" : "ebwizardry:spell_book", "meta": "133"}, "weight": 5},
        {"data" : {"name" : "ebwizardry:spell_book", "meta": "134"}, "weight": 5},
        {"data" : {"name" : "ebwizardry:spell_book", "meta": "135"}, "weight": 5},
        {"data" : {"name" : "ebwizardry:spell_book", "meta": "136"}, "weight": 5},
        {"data" : {"name" : "ebwizardry:spell_book", "meta": "137"}, "weight": 5},
        {"data" : {"name" : "ebwizardry:spell_book", "meta": "138"}, "weight": 5},
        {"data" : {"name" : "ebwizardry:spell_book", "meta": "139"}, "weight": 5},
        {"data" : {"name" : "ebwizardry:spell_book", "meta": "140"}, "weight": 5},
        {"data" : {"name" : "ebwizardry:spell_book", "meta": "141"}, "weight": 5},
        // master
        {"data" : {"name" : "ebwizardry:spell_book", "meta": "142"}, "weight": 1},
        {"data" : {"name" : "ebwizardry:spell_book", "meta": "143"}, "weight": 1},
        {"data" : {"name" : "ebwizardry:spell_book", "meta": "144"}, "weight": 1},
        {"data" : {"name" : "ebwizardry:spell_book", "meta": "145"}, "weight": 1},
        {"data" : {"name" : "ebwizardry:spell_book", "meta": "146"}, "weight": 1},
        {"data" : {"name" : "ebwizardry:spell_book", "meta": "147"}, "weight": 1},
        {"data" : {"name" : "ebwizardry:spell_book", "meta": "148"}, "weight": 1},
        {"data" : {"name" : "ebwizardry:spell_book", "meta": "149"}, "weight": 1},
        {"data" : {"name" : "ebwizardry:spell_book", "meta": "150"}, "weight": 1},
        {"data" : {"name" : "ebwizardry:spell_book", "meta": "151"}, "weight": 1},
        {"data" : {"name" : "ebwizardry:spell_book", "meta": "152"}, "weight": 1},
        {"data" : {"name" : "ebwizardry:spell_book", "meta": "153"}, "weight": 1},
        {"data" : {"name" : "ebwizardry:spell_book", "meta": "154"}, "weight": 1},
        {"data" : {"name" : "ebwizardry:spell_book", "meta": "155"}, "weight": 1},
        {"data" : {"name" : "ebwizardry:spell_book", "meta": "156"}, "weight": 1},
        {"data" : {"name" : "ebwizardry:spell_book", "meta": "157"}, "weight": 1},
        {"data" : {"name" : "ebwizardry:spell_book", "meta": "158"}, "weight": 1},
        {"data" : {"name" : "ebwizardry:spell_book", "meta": "159"}, "weight": 1},
        {"data" : {"name" : "ebwizardry:spell_book", "meta": "160"}, "weight": 1},
        {"data" : {"name" : "ebwizardry:spell_book", "meta": "161"}, "weight": 1},
        {"data" : {"name" : "ebwizardry:spell_book", "meta": "162"}, "weight": 1},
        {"data" : {"name" : "ebwizardry:spell_book", "meta": "163"}, "weight": 1},
        {"data" : {"name" : "ebwizardry:spell_book", "meta": "164"}, "weight": 1},
        {"data" : {"name" : "ebwizardry:spell_book", "meta": "165"}, "weight": 1},
        {"data" : {"name" : "ebwizardry:spell_book", "meta": "166"}, "weight": 1},
        {"data" : {"name" : "ebwizardry:spell_book", "meta": "167"}, "weight": 1},
        {"data" : {"name" : "ebwizardry:spell_book", "meta": "168"}, "weight": 1},
        {"data" : {"name" : "ebwizardry:spell_book", "meta": "169"}, "weight": 1},
        {"data" : {"name" : "ebwizardry:spell_book", "meta": "170"}, "weight": 1},
        {"data" : {"name" : "ebwizardry:spell_book", "meta": "171"}, "weight": 1},
        {"data" : {"name" : "ebwizardry:spell_book", "meta": "172"}, "weight": 1}
      ]
    },
    {
      "level": [0, 1, 2, 3, 4],
      "each": false,
      "quantity": 1,
      "loot": [
        // novice
        {"data" : {"name" : "ebwizardry:scroll", "meta": "1"}, "weight" : 30},
        {"data" : {"name" : "ebwizardry:scroll", "meta": "2"}, "weight" : 30},
        {"data" : {"name" : "ebwizardry:scroll", "meta": "3"}, "weight" : 30},
        {"data" : {"name" : "ebwizardry:scroll", "meta": "4"}, "weight" : 30},
        {"data" : {"name" : "ebwizardry:scroll", "meta": "5"}, "weight" : 30},
        {"data" : {"name" : "ebwizardry:scroll", "meta": "6"}, "weight" : 30},
        {"data" : {"name" : "ebwizardry:scroll", "meta": "7"}, "weight" : 30},
        {"data" : {"name" : "ebwizardry:scroll", "meta": "8"}, "weight" : 30},
        {"data" : {"name" : "ebwizardry:scroll", "meta": "9"}, "weight" : 30},
        {"data" : {"name" : "ebwizardry:scroll", "meta": "10"}, "weight" : 30},
        {"data" : {"name" : "ebwizardry:scroll", "meta": "11"}, "weight" : 30},
        {"data" : {"name" : "ebwizardry:scroll", "meta": "12"}, "weight" : 30},
        {"data" : {"name" : "ebwizardry:scroll", "meta": "13"}, "weight" : 30},
        {"data" : {"name" : "ebwizardry:scroll", "meta": "14"}, "weight" : 30},
        {"data" : {"name" : "ebwizardry:scroll", "meta": "15"}, "weight" : 30},
        {"data" : {"name" : "ebwizardry:scroll", "meta": "16"}, "weight" : 30},
        {"data" : {"name" : "ebwizardry:scroll", "meta": "17"}, "weight" : 30},
        {"data" : {"name" : "ebwizardry:scroll", "meta": "18"}, "weight" : 30},
        {"data" : {"name" : "ebwizardry:scroll", "meta": "19"}, "weight" : 30},
        {"data" : {"name" : "ebwizardry:scroll", "meta": "20"}, "weight" : 30},
        // apprentice
        {"data" : {"name" : "ebwizardry:scroll", "meta": "21"}, "weight" : 10},
        {"data" : {"name" : "ebwizardry:scroll", "meta": "22"}, "weight" : 10},
        {"data" : {"name" : "ebwizardry:scroll", "meta": "23"}, "weight" : 10},
        {"data" : {"name" : "ebwizardry:scroll", "meta": "24"}, "weight" : 10},
        {"data" : {"name" : "ebwizardry:scroll", "meta": "25"}, "weight" : 10},
        {"data" : {"name" : "ebwizardry:scroll", "meta": "26"}, "weight" : 10},
        {"data" : {"name" : "ebwizardry:scroll", "meta": "27"}, "weight" : 10},
        {"data" : {"name" : "ebwizardry:scroll", "meta": "28"}, "weight" : 10},
        {"data" : {"name" : "ebwizardry:scroll", "meta": "29"}, "weight" : 10},
        {"data" : {"name" : "ebwizardry:scroll", "meta": "30"}, "weight" : 10},
        {"data" : {"name" : "ebwizardry:scroll", "meta": "31"}, "weight" : 10},
        {"data" : {"name" : "ebwizardry:scroll", "meta": "32"}, "weight" : 10},
        {"data" : {"name" : "ebwizardry:scroll", "meta": "33"}, "weight" : 10},
        {"data" : {"name" : "ebwizardry:scroll", "meta": "34"}, "weight" : 10},
        {"data" : {"name" : "ebwizardry:scroll", "meta": "35"}, "weight" : 10},
        {"data" : {"name" : "ebwizardry:scroll", "meta": "36"}, "weight" : 10},
        {"data" : {"name" : "ebwizardry:scroll", "meta": "37"}, "weight" : 10},
        {"data" : {"name" : "ebwizardry:scroll", "meta": "38"}, "weight" : 10},
        {"data" : {"name" : "ebwizardry:scroll", "meta": "39"}, "weight" : 10},
        {"data" : {"name" : "ebwizardry:scroll", "meta": "40"}, "weight" : 10},
        {"data" : {"name" : "ebwizardry:scroll", "meta": "41"}, "weight" : 10},
        {"data" : {"name" : "ebwizardry:scroll", "meta": "42"}, "weight" : 10},
        {"data" : {"name" : "ebwizardry:scroll", "meta": "43"}, "weight" : 10},
        {"data" : {"name" : "ebwizardry:scroll", "meta": "44"}, "weight" : 10},
        {"data" : {"name" : "ebwizardry:scroll", "meta": "45"}, "weight" : 10},
        {"data" : {"name" : "ebwizardry:scroll", "meta": "46"}, "weight" : 10},
        {"data" : {"name" : "ebwizardry:scroll", "meta": "47"}, "weight" : 10},
        {"data" : {"name" : "ebwizardry:scroll", "meta": "48"}, "weight" : 10},
        {"data" : {"name" : "ebwizardry:scroll", "meta": "49"}, "weight" : 10},
        {"data" : {"name" : "ebwizardry:scroll", "meta": "50"}, "weight" : 10},
        {"data" : {"name" : "ebwizardry:scroll", "meta": "51"}, "weight" : 10},
        {"data" : {"name" : "ebwizardry:scroll", "meta": "52"}, "weight" : 10},
        {"data" : {"name" : "ebwizardry:scroll", "meta": "53"}, "weight" : 10},
        {"data" : {"name" : "ebwizardry:scroll", "meta": "54"}, "weight" : 10},
        {"data" : {"name" : "ebwizardry:scroll", "meta": "55"}, "weight" : 10},
        {"data" : {"name" : "ebwizardry:scroll", "meta": "56"}, "weight" : 10},
        {"data" : {"name" : "ebwizardry:scroll", "meta": "57"}, "weight" : 10},
        {"data" : {"name" : "ebwizardry:scroll", "meta": "58"}, "weight" : 10},
        {"data" : {"name" : "ebwizardry:scroll", "meta": "59"}, "weight" : 10},
        {"data" : {"name" : "ebwizardry:scroll", "meta": "60"}, "weight" : 10},
        {"data" : {"name" : "ebwizardry:scroll", "meta": "61"}, "weight" : 10},
        {"data" : {"name" : "ebwizardry:scroll", "meta": "62"}, "weight" : 10},
        {"data" : {"name" : "ebwizardry:scroll", "meta": "63"}, "weight" : 10},
        {"data" : {"name" : "ebwizardry:scroll", "meta": "64"}, "weight" : 10},
        {"data" : {"name" : "ebwizardry:scroll", "meta": "65"}, "weight" : 10},
        {"data" : {"name" : "ebwizardry:scroll", "meta": "66"}, "weight" : 10},
        {"data" : {"name" : "ebwizardry:scroll", "meta": "67"}, "weight" : 10},
        {"data" : {"name" : "ebwizardry:scroll", "meta": "68"}, "weight" : 10},
        {"data" : {"name" : "ebwizardry:scroll", "meta": "69"}, "weight" : 10},
        {"data" : {"name" : "ebwizardry:scroll", "meta": "70"}, "weight" : 10},
        {"data" : {"name" : "ebwizardry:scroll", "meta": "71"}, "weight" : 10},
        // advanced
        {"data" : {"name" : "ebwizardry:scroll", "meta": "72"}, "weight" : 5},
        {"data" : {"name" : "ebwizardry:scroll", "meta": "73"}, "weight" : 5},
        {"data" : {"name" : "ebwizardry:scroll", "meta": "74"}, "weight" : 5},
        {"data" : {"name" : "ebwizardry:scroll", "meta": "75"}, "weight" : 5},
        {"data" : {"name" : "ebwizardry:scroll", "meta": "76"}, "weight" : 5},
        {"data" : {"name" : "ebwizardry:scroll", "meta": "77"}, "weight" : 5},
        {"data" : {"name" : "ebwizardry:scroll", "meta": "78"}, "weight" : 5},
        {"data" : {"name" : "ebwizardry:scroll", "meta": "79"}, "weight" : 5},
        {"data" : {"name" : "ebwizardry:scroll", "meta": "80"}, "weight" : 5},
        {"data" : {"name" : "ebwizardry:scroll", "meta": "81"}, "weight" : 5},
        {"data" : {"name" : "ebwizardry:scroll", "meta": "82"}, "weight" : 5},
        {"data" : {"name" : "ebwizardry:scroll", "meta": "83"}, "weight" : 5},
        {"data" : {"name" : "ebwizardry:scroll", "meta": "84"}, "weight" : 5},
        {"data" : {"name" : "ebwizardry:scroll", "meta": "85"}, "weight" : 5},
        {"data" : {"name" : "ebwizardry:scroll", "meta": "86"}, "weight" : 5},
        {"data" : {"name" : "ebwizardry:scroll", "meta": "87"}, "weight" : 5},
        {"data" : {"name" : "ebwizardry:scroll", "meta": "88"}, "weight" : 5},
        {"data" : {"name" : "ebwizardry:scroll", "meta": "89"}, "weight" : 5},
        {"data" : {"name" : "ebwizardry:scroll", "meta": "90"}, "weight" : 5},
        {"data" : {"name" : "ebwizardry:scroll", "meta": "91"}, "weight" : 5},
        {"data" : {"name" : "ebwizardry:scroll", "meta": "92"}, "weight" : 5},
        {"data" : {"name" : "ebwizardry:scroll", "meta": "93"}, "weight" : 5},
        {"data" : {"name" : "ebwizardry:scroll", "meta": "94"}, "weight" : 5},
        {"data" : {"name" : "ebwizardry:scroll", "meta": "95"}, "weight" : 5},
        {"data" : {"name" : "ebwizardry:scroll", "meta": "96"}, "weight" : 5},
        {"data" : {"name" : "ebwizardry:scroll", "meta": "97"}, "weight" : 5},
        {"data" : {"name" : "ebwizardry:scroll", "meta": "98"}, "weight" : 5},
        {"data" : {"name" : "ebwizardry:scroll", "meta": "99"}, "weight" : 5},
        {"data" : {"name" : "ebwizardry:scroll", "meta": "100"}, "weight" : 5},
        {"data" : {"name" : "ebwizardry:scroll", "meta": "101"}, "weight" : 5},
        {"data" : {"name" : "ebwizardry:scroll", "meta": "102"}, "weight" : 5},
        {"data" : {"name" : "ebwizardry:scroll", "meta": "103"}, "weight" : 5},
        {"data" : {"name" : "ebwizardry:scroll", "meta": "104"}, "weight" : 5},
        {"data" : {"name" : "ebwizardry:scroll", "meta": "105"}, "weight" : 5},
        {"data" : {"name" : "ebwizardry:scroll", "meta": "106"}, "weight" : 5},
        {"data" : {"name" : "ebwizardry:scroll", "meta": "107"}, "weight" : 5},
        {"data" : {"name" : "ebwizardry:scroll", "meta": "108"}, "weight" : 5},
        {"data" : {"name" : "ebwizardry:scroll", "meta": "109"}, "weight" : 5},
        {"data" : {"name" : "ebwizardry:scroll", "meta": "110"}, "weight" : 5},
        {"data" : {"name" : "ebwizardry:scroll", "meta": "111"}, "weight" : 5},
        {"data" : {"name" : "ebwizardry:scroll", "meta": "112"}, "weight" : 5},
        {"data" : {"name" : "ebwizardry:scroll", "meta": "113"}, "weight" : 5},
        {"data" : {"name" : "ebwizardry:scroll", "meta": "114"}, "weight" : 5},
        {"data" : {"name" : "ebwizardry:scroll", "meta": "115"}, "weight" : 5},
        {"data" : {"name" : "ebwizardry:scroll", "meta": "116"}, "weight" : 5},
        {"data" : {"name" : "ebwizardry:scroll", "meta": "117"}, "weight" : 5},
        {"data" : {"name" : "ebwizardry:scroll", "meta": "118"}, "weight" : 5},
        {"data" : {"name" : "ebwizardry:scroll", "meta": "119"}, "weight" : 5},
        {"data" : {"name" : "ebwizardry:scroll", "meta": "120"}, "weight" : 5},
        {"data" : {"name" : "ebwizardry:scroll", "meta": "121"}, "weight" : 5},
        {"data" : {"name" : "ebwizardry:scroll", "meta": "122"}, "weight" : 5},
        {"data" : {"name" : "ebwizardry:scroll", "meta": "123"}, "weight" : 5},
        {"data" : {"name" : "ebwizardry:scroll", "meta": "124"}, "weight" : 5},
        {"data" : {"name" : "ebwizardry:scroll", "meta": "125"}, "weight" : 5},
        {"data" : {"name" : "ebwizardry:scroll", "meta": "126"}, "weight" : 5},
        {"data" : {"name" : "ebwizardry:scroll", "meta": "127"}, "weight" : 5},
        {"data" : {"name" : "ebwizardry:scroll", "meta": "128"}, "weight" : 5},
        {"data" : {"name" : "ebwizardry:scroll", "meta": "129"}, "weight" : 5},
        {"data" : {"name" : "ebwizardry:scroll", "meta": "130"}, "weight" : 5},
        {"data" : {"name" : "ebwizardry:scroll", "meta": "131"}, "weight" : 5},
        {"data" : {"name" : "ebwizardry:scroll", "meta": "132"}, "weight" : 5},
        {"data" : {"name" : "ebwizardry:scroll", "meta": "133"}, "weight" : 5},
        {"data" : {"name" : "ebwizardry:scroll", "meta": "134"}, "weight" : 5},
        {"data" : {"name" : "ebwizardry:scroll", "meta": "135"}, "weight" : 5},
        {"data" : {"name" : "ebwizardry:scroll", "meta": "136"}, "weight" : 5},
        {"data" : {"name" : "ebwizardry:scroll", "meta": "137"}, "weight" : 5},
        {"data" : {"name" : "ebwizardry:scroll", "meta": "138"}, "weight" : 5},
        {"data" : {"name" : "ebwizardry:scroll", "meta": "139"}, "weight" : 5},
        {"data" : {"name" : "ebwizardry:scroll", "meta": "140"}, "weight" : 5},
        {"data" : {"name" : "ebwizardry:scroll", "meta": "141"}, "weight" : 5},
        // master
        {"data" : {"name" : "ebwizardry:scroll", "meta": "142"}, "weight" : 1},
        {"data" : {"name" : "ebwizardry:scroll", "meta": "143"}, "weight" : 1},
        {"data" : {"name" : "ebwizardry:scroll", "meta": "144"}, "weight" : 1},
        {"data" : {"name" : "ebwizardry:scroll", "meta": "145"}, "weight" : 1},
        {"data" : {"name" : "ebwizardry:scroll", "meta": "146"}, "weight" : 1},
        {"data" : {"name" : "ebwizardry:scroll", "meta": "147"}, "weight" : 1},
        {"data" : {"name" : "ebwizardry:scroll", "meta": "148"}, "weight" : 1},
        {"data" : {"name" : "ebwizardry:scroll", "meta": "149"}, "weight" : 1},
        {"data" : {"name" : "ebwizardry:scroll", "meta": "150"}, "weight" : 1},
        {"data" : {"name" : "ebwizardry:scroll", "meta": "151"}, "weight" : 1},
        {"data" : {"name" : "ebwizardry:scroll", "meta": "152"}, "weight" : 1},
        {"data" : {"name" : "ebwizardry:scroll", "meta": "153"}, "weight" : 1},
        {"data" : {"name" : "ebwizardry:scroll", "meta": "154"}, "weight" : 1},
        {"data" : {"name" : "ebwizardry:scroll", "meta": "155"}, "weight" : 1},
        {"data" : {"name" : "ebwizardry:scroll", "meta": "156"}, "weight" : 1},
        {"data" : {"name" : "ebwizardry:scroll", "meta": "157"}, "weight" : 1},
        {"data" : {"name" : "ebwizardry:scroll", "meta": "158"}, "weight" : 1},
        {"data" : {"name" : "ebwizardry:scroll", "meta": "159"}, "weight" : 1},
        {"data" : {"name" : "ebwizardry:scroll", "meta": "160"}, "weight" : 1},
        {"data" : {"name" : "ebwizardry:scroll", "meta": "161"}, "weight" : 1},
        {"data" : {"name" : "ebwizardry:scroll", "meta": "162"}, "weight" : 1},
        {"data" : {"name" : "ebwizardry:scroll", "meta": "163"}, "weight" : 1},
        {"data" : {"name" : "ebwizardry:scroll", "meta": "164"}, "weight" : 1},
        {"data" : {"name" : "ebwizardry:scroll", "meta": "165"}, "weight" : 1},
        {"data" : {"name" : "ebwizardry:scroll", "meta": "166"}, "weight" : 1},
        {"data" : {"name" : "ebwizardry:scroll", "meta": "167"}, "weight" : 1},
        {"data" : {"name" : "ebwizardry:scroll", "meta": "168"}, "weight" : 1},
        {"data" : {"name" : "ebwizardry:scroll", "meta": "169"}, "weight" : 1},
        {"data" : {"name" : "ebwizardry:scroll", "meta": "170"}, "weight" : 1},
        {"data" : {"name" : "ebwizardry:scroll", "meta": "171"}, "weight" : 1},
        {"data" : {"name" : "ebwizardry:scroll", "meta": "172"}, "weight" : 1}
      ]
    }
  ]
}
