{
  "name": "fnar:loot_armour",
  "lootRules": [
    {"level": 0, "type": "ARMOUR", "loot": [{"data": {"type": "armour", "level": 0}}], "each": true, "quantity": 1},
    {"level": 1, "type": "ARMOUR", "loot": [{"data": {"type": "armour", "level": 1}}], "each": true, "quantity": 1},
    {"level": 2, "type": "ARMOUR", "loot": [{"data": {"type": "armour", "level": 2}}], "each": true, "quantity": 1},
    {"level": 3, "type": "ARMOUR", "loot": [{"data": {"type": "armour", "level": 3}}], "each": true, "quantity": 1},
    {"level": 4, "type": "ARMOUR", "loot": [{"data": {"type": "armour", "level": 4}}], "each": true, "quantity": 1},
    {
      "level": [0, 1, 2, 3, 4],
      "type": "ARMOUR",
      "each": true,
      "quantity": 3,
      "loot": [
        {"data": {"name": "minecraft:shield", "level": 0}, "weight": 1},
        {"data": {"type": "armour", "level": 0}, "weight": 1},
        {"data": {"type": "armour", "level": 1}, "weight": 1},
        {"data": {"type": "potion", "name": "healing"}, "weight": 1},
        {"data": {"type": "potion", "name": "regeneration"}, "weight": 1}
      ]
    },
    {
      "level": [1, 2, 3, 4],
      "type": "ARMOUR",
      "each": false,
      "quantity": 2,
      "loot": [
        {"data": {"type": "armour", "level": 0, "ench": false}, "weight": 8},
        {"data": {"type": "armour", "level": 1, "ench": false}, "weight": 8},
        {"data": {"type": "armour", "level": 2, "ench": false}, "weight": 4},
        {"data": {"type": "armour", "level": 3, "ench": false}, "weight": 2},
        {"data": {"type": "armour", "level": 4, "ench": false}, "weight": 1}
      ]
    },

    {
      "level": [0], "type": "ARMOUR", "each": true, "quantity": 1,
      "loot": [
        {"data": {"type": "armour", "level": 0}, "weight": 3},
        {"data": {"type": "armour", "level": 1}, "weight": 1}
      ]
    },

    {
      "level": [1], "type": "ARMOUR", "each": true, "quantity": 1,
      "loot": [
        {"data": {"type": "armour", "level": 0}, "weight": 3},
        {"data": {"type": "armour", "level": 1}, "weight": 1}
      ]
    },

    {
      "level": [2], "type": "ARMOUR", "each": true, "quantity": 1,
      "loot": [
        {"data": {"type": "armour", "level": 1}, "weight": 3},
        {"data": {"type": "armour", "level": 2}, "weight": 1}
      ]
    },

    {
      "level": [3], "type": "ARMOUR", "each": true, "quantity": 1,
      "loot": [
        {"data": {"type": "armour", "level": 2}, "weight": 3},
        {"data": {"type": "armour", "level": 3}, "weight": 1}
      ]
    },

    {
      "level": [4], "type": "ARMOUR", "each": true, "quantity": 1,
      "loot": [
        {"data": {"type": "armour", "level": 3}, "weight": 3},
        {"data": {"type": "armour", "level": 4}, "weight": 1}
      ]
    }

  ]
}
