{
  "name": "fnar:loot_other",
  "lootRules": [
    {
      "level": [0, 1, 2, 3, 4],
      "type": "MUSIC",
      "each": true,
      "quantity": 1,
      "loot": [
        {"data": {"name": "minecraft:record_cat"}, "weight": 1},
        {"data": {"name": "minecraft:record_13"}, "weight": 1}
      ]
    },
    {
      "level": [0, 1, 2, 3, 4],
      "type": "SMITH",
      "each": true,
      "quantity": 1,
      "loot": [
        {"data": {"type": "specialty", "equipment": "sword", "quality": "iron", "level": 1}, "weight": 1}
      ]
    }
  ]
}
