{
  "name": "fnar:loot_supplies",
  "lootRules": [
    {
      "level": [0, 1, 2, 3, 4],
      "type": "SUPPLIES",
      "each": true,
      "quantity": 1,
      "loot": [
        {"data": {"name": "minecraft:arrow", "min": 16, "max": 64}}
      ]
    },
    {
      "level": [0, 1, 2, 3, 4],
      "type": "SUPPLIES",
      "each": true,
      "quantity": 1,
      "loot": [
        {"data": {"name": "minecraft:torch", "min": 16, "max": 64}}
      ]
    },
    {
      "level": [0, 1, 2, 3, 4],
      "type": "SUPPLIES",
      "each": true,
      "quantity": 1,
      "loot": [
        {"data": {"name": "minecraft:cobblestone", "min": 16, "max": 64}},
        {"data": {"name": "minecraft:log", "min": 8, "max": 16}},
        {"data": {"name": "minecraft:planks", "min": 16, "max": 64}}
      ]
    },
    {
      "level": [0, 1, 2, 3, 4],
      "type": "SUPPLIES",
      "each": true,
      "quantity": 4,
      "loot": [
        {"data": {"name": "minecraft:coal", "min": 16, "max": 64}},
        {"data": {"name": "minecraft:flint", "min": 8, "max": 16}},
        {"data": {"name": "minecraft:glass_bottle", "min": 4, "max": 8}},
        {"data": {"name": "minecraft:gunpowder", "min": 16, "max": 16}},
        {"data": {"name": "minecraft:iron_ingot", "min": 8, "max": 16}},
        {"data": {"name": "minecraft:lead"}},
        {"data": {"name": "minecraft:paper", "min": 16, "max": 16}},
        {"data": {"name": "minecraft:stick", "min": 32, "max": 32}},
        {"data": {"name": "minecraft:tnt", "min": 4, "max": 4}}
      ]
    },
    {
      "level": [0, 1, 2, 3, 4],
      "type": "SUPPLIES",
      "each": true,
      "quantity": 2,
      "loot": [
        {"data": {"name": "minecraft:apple", "min": 4, "max": 8}},
        {"data": {"name": "minecraft:bread", "min": 4, "max": 8}},
        {"data": {"name": "minecraft:melon_seeds", "min": 8, "max": 16}},
        {"data": {"name": "minecraft:pumpkin_seeds", "min": 8, "max": 16}},
        {"data": {"name": "minecraft:sapling", "min": 8, "max": 16}},
        {"data": {"name": "minecraft:wheat_seeds", "min": 8, "max": 16}}
      ]
    }
  ]
}
