{
  "name": "theme:ocean_temple",
  "themes": [
    {
      "base": "TEMPLE",
      "primary": {
        "door": {"name": "minecraft:iron_door"},
        "floor": {"name": "minecraft:prismarine", "meta": 0},
        "walls": {"name": "minecraft:prismarine", "meta": 1},
        "pillar": {"name": "minecraft:quartz_block", "meta": 2},
        "stair": {"name": "minecraft:quartz_stairs"},
        "lightblock": {"name": "sea_lantern"},
        "liquid": {"name": "minecraft:water"}
      },
      "secondary": {
        "door": {"name": "minecraft:iron_door"},
        "floor": {"name": "minecraft:prismarine", "meta": 0},
        "walls": {"name": "minecraft:prismarine", "meta": 1},
        "pillar": {"name": "minecraft:prismarine", "meta": 2},
        "stair": {"name": "minecraft:quartz_stairs"},
        "lightblock": {"name": "sea_lantern"},
        "liquid": {"name": "minecraft:water"}
      }
    }
  ]
}
