{
  "name": "lycanites:dungeon_lush",
  "exclusive": true,
  "requires": ["lycanitesmobs"],
  "criteria": {"biomeTypes": ["FOREST","LUSH"]},
  "inherit": [
    "fnar:dungeon_base",
    "segments:sewer3",
    "lycanites:loot_lush",
    "lycanites:spawners_lush",
    "lycanites:theme_lush",
    "lycanites:tower_lush_jungle"
  ],
  "rooms": [
    {"level": [1,3], "type": "PYRAMIDTOMB", "frequency": "single", "count": 1},
    {"level": [0,2], "type": "OSSUARY", "frequency": "single", "count": 1},

    {"level": [0,1,2,3,4], "frequency": "random", "type": "CRYPT", "weight": 5},
    {"level": [0,1,2,3,4], "frequency": "random", "type": "SLIME", "weight": 5}
  ]
}
